Experiment,Workload,Status,Run,Devices,Collocation,File,Listeners,Params
33,1,,,0,-,timm/train.py,smi+top+dcgmi,--model resnet26 --data-dir /raid/datasets/cifar10/ --warmup-epochs 0 --batch-size 128
33,2,,,2,7g.40gb,timm/train.py,smi+top+dcgmi,--model resnet26 --data-dir /raid/datasets/cifar10/ --warmup-epochs 0 --batch-size 128
33,3,,,2,4g.20gb,timm/train.py,smi+top+dcgmi,--model resnet26 --data-dir /raid/datasets/cifar10/ --warmup-epochs 0 --batch-size 128
33,4,,,0,MPS,timm/train.py,smi+top+dcgmi,--model resnet26 --data-dir /raid/datasets/cifar10/ --warmup-epochs 0 --batch-size 128
33,5,,,0,-,timm/train.py,smi+top+dcgmi,--model resnet26 --data-dir /raid/datasets/cifar10/ --warmup-epochs 0 --batch-size 128
33,5,,,0,-,timm/train.py,smi+top+dcgmi,--model resnet26 --data-dir /raid/datasets/cifar10/ --warmup-epochs 0 --batch-size 128
33,6,,,2,3g.20gb,timm/train.py,smi+top+dcgmi,--model resnet26 --data-dir /raid/datasets/cifar10/ --warmup-epochs 0 --batch-size 128
33,6,,,2,3g.20gb,timm/train.py,smi+top+dcgmi,--model resnet26 --data-dir /raid/datasets/cifar10/ --warmup-epochs 0 --batch-size 128
33,7,,,0,MPS,timm/train.py,smi+top+dcgmi,--model resnet26 --data-dir /raid/datasets/cifar10/ --warmup-epochs 0 --batch-size 128
33,7,,,0,MPS,timm/train.py,smi+top+dcgmi,--model resnet26 --data-dir /raid/datasets/cifar10/ --warmup-epochs 0 --batch-size 128
33,8,,,0,-,timm/train.py,smi+top+dcgmi,--model resnet26 --data-dir /raid/datasets/cifar10/ --warmup-epochs 0 --batch-size 128
33,8,,,0,-,timm/train.py,smi+top+dcgmi,--model resnet26 --data-dir /raid/datasets/cifar10/ --warmup-epochs 0 --batch-size 128
33,8,,,0,-,timm/train.py,smi+top+dcgmi,--model resnet26 --data-dir /raid/datasets/cifar10/ --warmup-epochs 0 --batch-size 128
33,9,,,2,2g.10gb,timm/train.py,smi+top+dcgmi,--model resnet26 --data-dir /raid/datasets/cifar10/ --warmup-epochs 0 --batch-size 128
33,9,,,2,2g.10gb,timm/train.py,smi+top+dcgmi,--model resnet26 --data-dir /raid/datasets/cifar10/ --warmup-epochs 0 --batch-size 128
33,9,,,2,2g.10gb,timm/train.py,smi+top+dcgmi,--model resnet26 --data-dir /raid/datasets/cifar10/ --warmup-epochs 0 --batch-size 128
33,10,,,0,MPS,timm/train.py,smi+top+dcgmi,--model resnet26 --data-dir /raid/datasets/cifar10/ --warmup-epochs 0 --batch-size 128
33,10,,,0,MPS,timm/train.py,smi+top+dcgmi,--model resnet26 --data-dir /raid/datasets/cifar10/ --warmup-epochs 0 --batch-size 128
33,10,,,0,MPS,timm/train.py,smi+top+dcgmi,--model resnet26 --data-dir /raid/datasets/cifar10/ --warmup-epochs 0 --batch-size 128
33,11,,,0,-,timm/train.py,smi+top+dcgmi,--model resnet26 --data-dir /raid/datasets/cifar10/ --warmup-epochs 0 --batch-size 128
33,11,,,0,-,timm/train.py,smi+top+dcgmi,--model resnet26 --data-dir /raid/datasets/cifar10/ --warmup-epochs 0 --batch-size 128
33,11,,,0,-,timm/train.py,smi+top+dcgmi,--model resnet26 --data-dir /raid/datasets/cifar10/ --warmup-epochs 0 --batch-size 128
33,11,,,0,-,timm/train.py,smi+top+dcgmi,--model resnet26 --data-dir /raid/datasets/cifar10/ --warmup-epochs 0 --batch-size 128
33,11,,,0,-,timm/train.py,smi+top+dcgmi,--model resnet26 --data-dir /raid/datasets/cifar10/ --warmup-epochs 0 --batch-size 128
33,11,,,0,-,timm/train.py,smi+top+dcgmi,--model resnet26 --data-dir /raid/datasets/cifar10/ --warmup-epochs 0 --batch-size 128
33,11,,,0,-,timm/train.py,smi+top+dcgmi,--model resnet26 --data-dir /raid/datasets/cifar10/ --warmup-epochs 0 --batch-size 128
33,12,,,2,1g.5gb,timm/train.py,smi+top+dcgmi,--model resnet26 --data-dir /raid/datasets/cifar10/ --warmup-epochs 0 --batch-size 128
33,12,,,2,1g.5gb,timm/train.py,smi+top+dcgmi,--model resnet26 --data-dir /raid/datasets/cifar10/ --warmup-epochs 0 --batch-size 128
33,12,,,2,1g.5gb,timm/train.py,smi+top+dcgmi,--model resnet26 --data-dir /raid/datasets/cifar10/ --warmup-epochs 0 --batch-size 128
33,12,,,2,1g.5gb,timm/train.py,smi+top+dcgmi,--model resnet26 --data-dir /raid/datasets/cifar10/ --warmup-epochs 0 --batch-size 128
33,12,,,2,1g.5gb,timm/train.py,smi+top+dcgmi,--model resnet26 --data-dir /raid/datasets/cifar10/ --warmup-epochs 0 --batch-size 128
33,12,,,2,1g.5gb,timm/train.py,smi+top+dcgmi,--model resnet26 --data-dir /raid/datasets/cifar10/ --warmup-epochs 0 --batch-size 128
33,12,,,2,1g.5gb,timm/train.py,smi+top+dcgmi,--model resnet26 --data-dir /raid/datasets/cifar10/ --warmup-epochs 0 --batch-size 128
33,13,,,0,MPS,timm/train.py,smi+top+dcgmi,--model resnet26 --data-dir /raid/datasets/cifar10/ --warmup-epochs 0 --batch-size 128
33,13,,,0,MPS,timm/train.py,smi+top+dcgmi,--model resnet26 --data-dir /raid/datasets/cifar10/ --warmup-epochs 0 --batch-size 128
33,13,,,0,MPS,timm/train.py,smi+top+dcgmi,--model resnet26 --data-dir /raid/datasets/cifar10/ --warmup-epochs 0 --batch-size 128
33,13,,,0,MPS,timm/train.py,smi+top+dcgmi,--model resnet26 --data-dir /raid/datasets/cifar10/ --warmup-epochs 0 --batch-size 128
33,13,,,0,MPS,timm/train.py,smi+top+dcgmi,--model resnet26 --data-dir /raid/datasets/cifar10/ --warmup-epochs 0 --batch-size 128
33,13,,,0,MPS,timm/train.py,smi+top+dcgmi,--model resnet26 --data-dir /raid/datasets/cifar10/ --warmup-epochs 0 --batch-size 128
33,13,,,0,MPS,timm/train.py,smi+top+dcgmi,--model resnet26 --data-dir /raid/datasets/cifar10/ --warmup-epochs 0 --batch-size 128
33,14,,,0,-,timm/train.py,smi+top+dcgmi,--model resnet50 --data-dir /raid/datasets/imagenet64_images/ --warmup-epochs 0 --batch-size 128
33,15,,,2,7g.40gb,timm/train.py,smi+top+dcgmi,--model resnet50 --data-dir /raid/datasets/imagenet64_images/ --warmup-epochs 0 --batch-size 128
33,16,,,2,4g.20gb,timm/train.py,smi+top+dcgmi,--model resnet50 --data-dir /raid/datasets/imagenet64_images/ --warmup-epochs 0 --batch-size 128
33,17,,,0,MPS,timm/train.py,smi+top+dcgmi,--model resnet50 --data-dir /raid/datasets/imagenet64_images/ --warmup-epochs 0 --batch-size 128
33,18,,,0,-,timm/train.py,smi+top+dcgmi,--model resnet50 --data-dir /raid/datasets/imagenet64_images/ --warmup-epochs 0 --batch-size 128
33,18,,,0,-,timm/train.py,smi+top+dcgmi,--model resnet50 --data-dir /raid/datasets/imagenet64_images/ --warmup-epochs 0 --batch-size 128
33,19,,,2,3g.20gb,timm/train.py,smi+top+dcgmi,--model resnet50 --data-dir /raid/datasets/imagenet64_images/ --warmup-epochs 0 --batch-size 128
33,19,,,2,3g.20gb,timm/train.py,smi+top+dcgmi,--model resnet50 --data-dir /raid/datasets/imagenet64_images/ --warmup-epochs 0 --batch-size 128
33,20,,,0,MPS,timm/train.py,smi+top+dcgmi,--model resnet50 --data-dir /raid/datasets/imagenet64_images/ --warmup-epochs 0 --batch-size 128
33,20,,,0,MPS,timm/train.py,smi+top+dcgmi,--model resnet50 --data-dir /raid/datasets/imagenet64_images/ --warmup-epochs 0 --batch-size 128
33,21,,,0,-,timm/train.py,smi+top+dcgmi,--model resnet50 --data-dir /raid/datasets/imagenet64_images/ --warmup-epochs 0 --batch-size 128
33,21,,,0,-,timm/train.py,smi+top+dcgmi,--model resnet50 --data-dir /raid/datasets/imagenet64_images/ --warmup-epochs 0 --batch-size 128
33,21,,,0,-,timm/train.py,smi+top+dcgmi,--model resnet50 --data-dir /raid/datasets/imagenet64_images/ --warmup-epochs 0 --batch-size 128
33,22,,,2,2g.10gb,timm/train.py,smi+top+dcgmi,--model resnet50 --data-dir /raid/datasets/imagenet64_images/ --warmup-epochs 0 --batch-size 128
33,22,,,2,2g.10gb,timm/train.py,smi+top+dcgmi,--model resnet50 --data-dir /raid/datasets/imagenet64_images/ --warmup-epochs 0 --batch-size 128
33,22,,,2,2g.10gb,timm/train.py,smi+top+dcgmi,--model resnet50 --data-dir /raid/datasets/imagenet64_images/ --warmup-epochs 0 --batch-size 128
33,23,,,0,MPS,timm/train.py,smi+top+dcgmi,--model resnet50 --data-dir /raid/datasets/imagenet64_images/ --warmup-epochs 0 --batch-size 128
33,23,,,0,MPS,timm/train.py,smi+top+dcgmi,--model resnet50 --data-dir /raid/datasets/imagenet64_images/ --warmup-epochs 0 --batch-size 128
33,23,,,0,MPS,timm/train.py,smi+top+dcgmi,--model resnet50 --data-dir /raid/datasets/imagenet64_images/ --warmup-epochs 0 --batch-size 128
33,24,,,0,-,timm/train.py,smi+top+dcgmi,--model resnet50 --data-dir /raid/datasets/imagenet64_images/ --warmup-epochs 0 --batch-size 128
33,24,,,0,-,timm/train.py,smi+top+dcgmi,--model resnet50 --data-dir /raid/datasets/imagenet64_images/ --warmup-epochs 0 --batch-size 128
33,24,,,0,-,timm/train.py,smi+top+dcgmi,--model resnet50 --data-dir /raid/datasets/imagenet64_images/ --warmup-epochs 0 --batch-size 128
33,24,,,0,-,timm/train.py,smi+top+dcgmi,--model resnet50 --data-dir /raid/datasets/imagenet64_images/ --warmup-epochs 0 --batch-size 128
33,24,,,0,-,timm/train.py,smi+top+dcgmi,--model resnet50 --data-dir /raid/datasets/imagenet64_images/ --warmup-epochs 0 --batch-size 128
33,24,,,0,-,timm/train.py,smi+top+dcgmi,--model resnet50 --data-dir /raid/datasets/imagenet64_images/ --warmup-epochs 0 --batch-size 128
33,24,,,0,-,timm/train.py,smi+top+dcgmi,--model resnet50 --data-dir /raid/datasets/imagenet64_images/ --warmup-epochs 0 --batch-size 128
33,25,,,2,1g.5gb,timm/train.py,smi+top+dcgmi,--model resnet50 --data-dir /raid/datasets/imagenet64_images/ --warmup-epochs 0 --batch-size 128
33,25,,,2,1g.5gb,timm/train.py,smi+top+dcgmi,--model resnet50 --data-dir /raid/datasets/imagenet64_images/ --warmup-epochs 0 --batch-size 128
33,25,,,2,1g.5gb,timm/train.py,smi+top+dcgmi,--model resnet50 --data-dir /raid/datasets/imagenet64_images/ --warmup-epochs 0 --batch-size 128
33,25,,,2,1g.5gb,timm/train.py,smi+top+dcgmi,--model resnet50 --data-dir /raid/datasets/imagenet64_images/ --warmup-epochs 0 --batch-size 128
33,25,,,2,1g.5gb,timm/train.py,smi+top+dcgmi,--model resnet50 --data-dir /raid/datasets/imagenet64_images/ --warmup-epochs 0 --batch-size 128
33,25,,,2,1g.5gb,timm/train.py,smi+top+dcgmi,--model resnet50 --data-dir /raid/datasets/imagenet64_images/ --warmup-epochs 0 --batch-size 128
33,25,,,2,1g.5gb,timm/train.py,smi+top+dcgmi,--model resnet50 --data-dir /raid/datasets/imagenet64_images/ --warmup-epochs 0 --batch-size 128
33,26,,,0,MPS,timm/train.py,smi+top+dcgmi,--model resnet50 --data-dir /raid/datasets/imagenet64_images/ --warmup-epochs 0 --batch-size 128
33,26,,,0,MPS,timm/train.py,smi+top+dcgmi,--model resnet50 --data-dir /raid/datasets/imagenet64_images/ --warmup-epochs 0 --batch-size 128
33,26,,,0,MPS,timm/train.py,smi+top+dcgmi,--model resnet50 --data-dir /raid/datasets/imagenet64_images/ --warmup-epochs 0 --batch-size 128
33,26,,,0,MPS,timm/train.py,smi+top+dcgmi,--model resnet50 --data-dir /raid/datasets/imagenet64_images/ --warmup-epochs 0 --batch-size 128
33,26,,,0,MPS,timm/train.py,smi+top+dcgmi,--model resnet50 --data-dir /raid/datasets/imagenet64_images/ --warmup-epochs 0 --batch-size 128
33,26,,,0,MPS,timm/train.py,smi+top+dcgmi,--model resnet50 --data-dir /raid/datasets/imagenet64_images/ --warmup-epochs 0 --batch-size 128
33,26,,,0,MPS,timm/train.py,smi+top+dcgmi,--model resnet50 --data-dir /raid/datasets/imagenet64_images/ --warmup-epochs 0 --batch-size 128
33,27,,,0,-,timm/train.py,smi+top+dcgmi,--model resnet152 --data-dir /raid/datasets/imagenet/ --warmup-epochs 0 --batch-size 128
33,28,,,2,7g.40gb,timm/train.py,smi+top+dcgmi,--model resnet152 --data-dir /raid/datasets/imagenet/ --warmup-epochs 0 --batch-size 128
33,29,,,2,4g.20gb,timm/train.py,smi+top+dcgmi,--model resnet152 --data-dir /raid/datasets/imagenet/ --warmup-epochs 0 --batch-size 128
33,30,,,0,MPS,timm/train.py,smi+top+dcgmi,--model resnet152 --data-dir /raid/datasets/imagenet/ --warmup-epochs 0 --batch-size 128
33,31,,,0,-,timm/train.py,smi+top+dcgmi,--model resnet152 --data-dir /raid/datasets/imagenet/ --warmup-epochs 0 --batch-size 128
33,31,,,0,-,timm/train.py,smi+top+dcgmi,--model resnet152 --data-dir /raid/datasets/imagenet/ --warmup-epochs 0 --batch-size 128
33,32,,,2,3g.20gb,timm/train.py,smi+top+dcgmi,--model resnet152 --data-dir /raid/datasets/imagenet/ --warmup-epochs 0 --batch-size 128
33,32,,,2,3g.20gb,timm/train.py,smi+top+dcgmi,--model resnet152 --data-dir /raid/datasets/imagenet/ --warmup-epochs 0 --batch-size 128
33,33,,,0,MPS,timm/train.py,smi+top+dcgmi,--model resnet152 --data-dir /raid/datasets/imagenet/ --warmup-epochs 0 --batch-size 128
33,33,,,0,MPS,timm/train.py,smi+top+dcgmi,--model resnet152 --data-dir /raid/datasets/imagenet/ --warmup-epochs 0 --batch-size 128
33,34,,,0,-,timm/train.py,smi+top+dcgmi,--model resnet152 --data-dir /raid/datasets/imagenet/ --warmup-epochs 0 --batch-size 128
33,34,,,0,-,timm/train.py,smi+top+dcgmi,--model resnet152 --data-dir /raid/datasets/imagenet/ --warmup-epochs 0 --batch-size 128
33,34,,,0,-,timm/train.py,smi+top+dcgmi,--model resnet152 --data-dir /raid/datasets/imagenet/ --warmup-epochs 0 --batch-size 128
33,35,,,2,2g.10gb,timm/train.py,smi+top+dcgmi,--model resnet152 --data-dir /raid/datasets/imagenet/ --warmup-epochs 0 --batch-size 128
33,35,,,2,2g.10gb,timm/train.py,smi+top+dcgmi,--model resnet152 --data-dir /raid/datasets/imagenet/ --warmup-epochs 0 --batch-size 128
33,35,,,2,2g.10gb,timm/train.py,smi+top+dcgmi,--model resnet152 --data-dir /raid/datasets/imagenet/ --warmup-epochs 0 --batch-size 128
33,36,,,0,MPS,timm/train.py,smi+top+dcgmi,--model resnet152 --data-dir /raid/datasets/imagenet/ --warmup-epochs 0 --batch-size 128
33,36,,,0,MPS,timm/train.py,smi+top+dcgmi,--model resnet152 --data-dir /raid/datasets/imagenet/ --warmup-epochs 0 --batch-size 128
33,36,,,0,MPS,timm/train.py,smi+top+dcgmi,--model resnet152 --data-dir /raid/datasets/imagenet/ --warmup-epochs 0 --batch-size 128
33,37,,,0,-,timm/train.py,smi+top+dcgmi,--model resnet152 --data-dir /raid/datasets/imagenet/ --warmup-epochs 0 --batch-size 128
33,37,,,0,-,timm/train.py,smi+top+dcgmi,--model resnet152 --data-dir /raid/datasets/imagenet/ --warmup-epochs 0 --batch-size 128
33,37,,,0,-,timm/train.py,smi+top+dcgmi,--model resnet152 --data-dir /raid/datasets/imagenet/ --warmup-epochs 0 --batch-size 128
33,37,,,0,-,timm/train.py,smi+top+dcgmi,--model resnet152 --data-dir /raid/datasets/imagenet/ --warmup-epochs 0 --batch-size 128
33,37,,,0,-,timm/train.py,smi+top+dcgmi,--model resnet152 --data-dir /raid/datasets/imagenet/ --warmup-epochs 0 --batch-size 128
33,37,,,0,-,timm/train.py,smi+top+dcgmi,--model resnet152 --data-dir /raid/datasets/imagenet/ --warmup-epochs 0 --batch-size 128
33,37,,,0,-,timm/train.py,smi+top+dcgmi,--model resnet152 --data-dir /raid/datasets/imagenet/ --warmup-epochs 0 --batch-size 128
33,38,,,2,1g.5gb,timm/train.py,smi+top+dcgmi,--model resnet152 --data-dir /raid/datasets/imagenet/ --warmup-epochs 0 --batch-size 128
33,38,,,2,1g.5gb,timm/train.py,smi+top+dcgmi,--model resnet152 --data-dir /raid/datasets/imagenet/ --warmup-epochs 0 --batch-size 128
33,38,,,2,1g.5gb,timm/train.py,smi+top+dcgmi,--model resnet152 --data-dir /raid/datasets/imagenet/ --warmup-epochs 0 --batch-size 128
33,38,,,2,1g.5gb,timm/train.py,smi+top+dcgmi,--model resnet152 --data-dir /raid/datasets/imagenet/ --warmup-epochs 0 --batch-size 128
33,38,,,2,1g.5gb,timm/train.py,smi+top+dcgmi,--model resnet152 --data-dir /raid/datasets/imagenet/ --warmup-epochs 0 --batch-size 128
33,38,,,2,1g.5gb,timm/train.py,smi+top+dcgmi,--model resnet152 --data-dir /raid/datasets/imagenet/ --warmup-epochs 0 --batch-size 128
33,38,,,2,1g.5gb,timm/train.py,smi+top+dcgmi,--model resnet152 --data-dir /raid/datasets/imagenet/ --warmup-epochs 0 --batch-size 128
33,39,,,0,MPS,timm/train.py,smi+top+dcgmi,--model resnet152 --data-dir /raid/datasets/imagenet/ --warmup-epochs 0 --batch-size 128
33,39,,,0,MPS,timm/train.py,smi+top+dcgmi,--model resnet152 --data-dir /raid/datasets/imagenet/ --warmup-epochs 0 --batch-size 128
33,39,,,0,MPS,timm/train.py,smi+top+dcgmi,--model resnet152 --data-dir /raid/datasets/imagenet/ --warmup-epochs 0 --batch-size 128
33,39,,,0,MPS,timm/train.py,smi+top+dcgmi,--model resnet152 --data-dir /raid/datasets/imagenet/ --warmup-epochs 0 --batch-size 128
33,39,,,0,MPS,timm/train.py,smi+top+dcgmi,--model resnet152 --data-dir /raid/datasets/imagenet/ --warmup-epochs 0 --batch-size 128
33,39,,,0,MPS,timm/train.py,smi+top+dcgmi,--model resnet152 --data-dir /raid/datasets/imagenet/ --warmup-epochs 0 --batch-size 128
33,39,,,0,MPS,timm/train.py,smi+top+dcgmi,--model resnet152 --data-dir /raid/datasets/imagenet/ --warmup-epochs 0 --batch-size 128
34,1,,,0,-,timm/train.py,smi+top+dcgmi,--model resnet26 --data-dir /raid/datasets/cifar10/ --warmup-epochs 0 --batch-size 32
34,2,,,2,7g.40gb,timm/train.py,smi+top+dcgmi,--model resnet26 --data-dir /raid/datasets/cifar10/ --warmup-epochs 0 --batch-size 32
34,3,,,2,4g.20gb,timm/train.py,smi+top+dcgmi,--model resnet26 --data-dir /raid/datasets/cifar10/ --warmup-epochs 0 --batch-size 32
34,4,,,0,MPS,timm/train.py,smi+top+dcgmi,--model resnet26 --data-dir /raid/datasets/cifar10/ --warmup-epochs 0 --batch-size 32
34,5,,,0,-,timm/train.py,smi+top+dcgmi,--model resnet26 --data-dir /raid/datasets/cifar10/ --warmup-epochs 0 --batch-size 32
34,5,,,0,-,timm/train.py,smi+top+dcgmi,--model resnet26 --data-dir /raid/datasets/cifar10/ --warmup-epochs 0 --batch-size 32
34,6,,,2,3g.20gb,timm/train.py,smi+top+dcgmi,--model resnet26 --data-dir /raid/datasets/cifar10/ --warmup-epochs 0 --batch-size 32
34,6,,,2,3g.20gb,timm/train.py,smi+top+dcgmi,--model resnet26 --data-dir /raid/datasets/cifar10/ --warmup-epochs 0 --batch-size 32
34,7,,,0,MPS,timm/train.py,smi+top+dcgmi,--model resnet26 --data-dir /raid/datasets/cifar10/ --warmup-epochs 0 --batch-size 32
34,7,,,0,MPS,timm/train.py,smi+top+dcgmi,--model resnet26 --data-dir /raid/datasets/cifar10/ --warmup-epochs 0 --batch-size 32
34,8,,,0,-,timm/train.py,smi+top+dcgmi,--model resnet26 --data-dir /raid/datasets/cifar10/ --warmup-epochs 0 --batch-size 32
34,8,,,0,-,timm/train.py,smi+top+dcgmi,--model resnet26 --data-dir /raid/datasets/cifar10/ --warmup-epochs 0 --batch-size 32
34,8,,,0,-,timm/train.py,smi+top+dcgmi,--model resnet26 --data-dir /raid/datasets/cifar10/ --warmup-epochs 0 --batch-size 32
34,9,,,2,2g.10gb,timm/train.py,smi+top+dcgmi,--model resnet26 --data-dir /raid/datasets/cifar10/ --warmup-epochs 0 --batch-size 32
34,9,,,2,2g.10gb,timm/train.py,smi+top+dcgmi,--model resnet26 --data-dir /raid/datasets/cifar10/ --warmup-epochs 0 --batch-size 32
34,9,,,2,2g.10gb,timm/train.py,smi+top+dcgmi,--model resnet26 --data-dir /raid/datasets/cifar10/ --warmup-epochs 0 --batch-size 32
34,10,,,0,MPS,timm/train.py,smi+top+dcgmi,--model resnet26 --data-dir /raid/datasets/cifar10/ --warmup-epochs 0 --batch-size 32
34,10,,,0,MPS,timm/train.py,smi+top+dcgmi,--model resnet26 --data-dir /raid/datasets/cifar10/ --warmup-epochs 0 --batch-size 32
34,10,,,0,MPS,timm/train.py,smi+top+dcgmi,--model resnet26 --data-dir /raid/datasets/cifar10/ --warmup-epochs 0 --batch-size 32
34,11,,,0,-,timm/train.py,smi+top+dcgmi,--model resnet26 --data-dir /raid/datasets/cifar10/ --warmup-epochs 0 --batch-size 32
34,11,,,0,-,timm/train.py,smi+top+dcgmi,--model resnet26 --data-dir /raid/datasets/cifar10/ --warmup-epochs 0 --batch-size 32
34,11,,,0,-,timm/train.py,smi+top+dcgmi,--model resnet26 --data-dir /raid/datasets/cifar10/ --warmup-epochs 0 --batch-size 32
34,11,,,0,-,timm/train.py,smi+top+dcgmi,--model resnet26 --data-dir /raid/datasets/cifar10/ --warmup-epochs 0 --batch-size 32
34,11,,,0,-,timm/train.py,smi+top+dcgmi,--model resnet26 --data-dir /raid/datasets/cifar10/ --warmup-epochs 0 --batch-size 32
34,11,,,0,-,timm/train.py,smi+top+dcgmi,--model resnet26 --data-dir /raid/datasets/cifar10/ --warmup-epochs 0 --batch-size 32
34,11,,,0,-,timm/train.py,smi+top+dcgmi,--model resnet26 --data-dir /raid/datasets/cifar10/ --warmup-epochs 0 --batch-size 32
34,12,,,2,1g.5gb,timm/train.py,smi+top+dcgmi,--model resnet26 --data-dir /raid/datasets/cifar10/ --warmup-epochs 0 --batch-size 32
34,12,,,2,1g.5gb,timm/train.py,smi+top+dcgmi,--model resnet26 --data-dir /raid/datasets/cifar10/ --warmup-epochs 0 --batch-size 32
34,12,,,2,1g.5gb,timm/train.py,smi+top+dcgmi,--model resnet26 --data-dir /raid/datasets/cifar10/ --warmup-epochs 0 --batch-size 32
34,12,,,2,1g.5gb,timm/train.py,smi+top+dcgmi,--model resnet26 --data-dir /raid/datasets/cifar10/ --warmup-epochs 0 --batch-size 32
34,12,,,2,1g.5gb,timm/train.py,smi+top+dcgmi,--model resnet26 --data-dir /raid/datasets/cifar10/ --warmup-epochs 0 --batch-size 32
34,12,,,2,1g.5gb,timm/train.py,smi+top+dcgmi,--model resnet26 --data-dir /raid/datasets/cifar10/ --warmup-epochs 0 --batch-size 32
34,12,,,2,1g.5gb,timm/train.py,smi+top+dcgmi,--model resnet26 --data-dir /raid/datasets/cifar10/ --warmup-epochs 0 --batch-size 32
34,13,,,0,MPS,timm/train.py,smi+top+dcgmi,--model resnet26 --data-dir /raid/datasets/cifar10/ --warmup-epochs 0 --batch-size 32
34,13,,,0,MPS,timm/train.py,smi+top+dcgmi,--model resnet26 --data-dir /raid/datasets/cifar10/ --warmup-epochs 0 --batch-size 32
34,13,,,0,MPS,timm/train.py,smi+top+dcgmi,--model resnet26 --data-dir /raid/datasets/cifar10/ --warmup-epochs 0 --batch-size 32
34,13,,,0,MPS,timm/train.py,smi+top+dcgmi,--model resnet26 --data-dir /raid/datasets/cifar10/ --warmup-epochs 0 --batch-size 32
34,13,,,0,MPS,timm/train.py,smi+top+dcgmi,--model resnet26 --data-dir /raid/datasets/cifar10/ --warmup-epochs 0 --batch-size 32
34,13,,,0,MPS,timm/train.py,smi+top+dcgmi,--model resnet26 --data-dir /raid/datasets/cifar10/ --warmup-epochs 0 --batch-size 32
34,13,,,0,MPS,timm/train.py,smi+top+dcgmi,--model resnet26 --data-dir /raid/datasets/cifar10/ --warmup-epochs 0 --batch-size 32
34,14,,,0,-,timm/train.py,smi+top+dcgmi,--model resnet50 --data-dir /raid/datasets/imagenet64_images/ --warmup-epochs 0 --batch-size 32
34,15,,,2,7g.40gb,timm/train.py,smi+top+dcgmi,--model resnet50 --data-dir /raid/datasets/imagenet64_images/ --warmup-epochs 0 --batch-size 32
34,16,,,2,4g.20gb,timm/train.py,smi+top+dcgmi,--model resnet50 --data-dir /raid/datasets/imagenet64_images/ --warmup-epochs 0 --batch-size 32
34,17,,,0,MPS,timm/train.py,smi+top+dcgmi,--model resnet50 --data-dir /raid/datasets/imagenet64_images/ --warmup-epochs 0 --batch-size 32
34,18,,,0,-,timm/train.py,smi+top+dcgmi,--model resnet50 --data-dir /raid/datasets/imagenet64_images/ --warmup-epochs 0 --batch-size 32
34,18,,,0,-,timm/train.py,smi+top+dcgmi,--model resnet50 --data-dir /raid/datasets/imagenet64_images/ --warmup-epochs 0 --batch-size 32
34,19,,,2,3g.20gb,timm/train.py,smi+top+dcgmi,--model resnet50 --data-dir /raid/datasets/imagenet64_images/ --warmup-epochs 0 --batch-size 32
34,19,,,2,3g.20gb,timm/train.py,smi+top+dcgmi,--model resnet50 --data-dir /raid/datasets/imagenet64_images/ --warmup-epochs 0 --batch-size 32
34,20,,,0,MPS,timm/train.py,smi+top+dcgmi,--model resnet50 --data-dir /raid/datasets/imagenet64_images/ --warmup-epochs 0 --batch-size 32
34,20,,,0,MPS,timm/train.py,smi+top+dcgmi,--model resnet50 --data-dir /raid/datasets/imagenet64_images/ --warmup-epochs 0 --batch-size 32
34,21,,,0,-,timm/train.py,smi+top+dcgmi,--model resnet50 --data-dir /raid/datasets/imagenet64_images/ --warmup-epochs 0 --batch-size 32
34,21,,,0,-,timm/train.py,smi+top+dcgmi,--model resnet50 --data-dir /raid/datasets/imagenet64_images/ --warmup-epochs 0 --batch-size 32
34,21,,,0,-,timm/train.py,smi+top+dcgmi,--model resnet50 --data-dir /raid/datasets/imagenet64_images/ --warmup-epochs 0 --batch-size 32
34,22,,,2,2g.10gb,timm/train.py,smi+top+dcgmi,--model resnet50 --data-dir /raid/datasets/imagenet64_images/ --warmup-epochs 0 --batch-size 32
34,22,,,2,2g.10gb,timm/train.py,smi+top+dcgmi,--model resnet50 --data-dir /raid/datasets/imagenet64_images/ --warmup-epochs 0 --batch-size 32
34,22,,,2,2g.10gb,timm/train.py,smi+top+dcgmi,--model resnet50 --data-dir /raid/datasets/imagenet64_images/ --warmup-epochs 0 --batch-size 32
34,23,,,0,MPS,timm/train.py,smi+top+dcgmi,--model resnet50 --data-dir /raid/datasets/imagenet64_images/ --warmup-epochs 0 --batch-size 32
34,23,,,0,MPS,timm/train.py,smi+top+dcgmi,--model resnet50 --data-dir /raid/datasets/imagenet64_images/ --warmup-epochs 0 --batch-size 32
34,23,,,0,MPS,timm/train.py,smi+top+dcgmi,--model resnet50 --data-dir /raid/datasets/imagenet64_images/ --warmup-epochs 0 --batch-size 32
34,24,,,0,-,timm/train.py,smi+top+dcgmi,--model resnet50 --data-dir /raid/datasets/imagenet64_images/ --warmup-epochs 0 --batch-size 32
34,24,,,0,-,timm/train.py,smi+top+dcgmi,--model resnet50 --data-dir /raid/datasets/imagenet64_images/ --warmup-epochs 0 --batch-size 32
34,24,,,0,-,timm/train.py,smi+top+dcgmi,--model resnet50 --data-dir /raid/datasets/imagenet64_images/ --warmup-epochs 0 --batch-size 32
34,24,,,0,-,timm/train.py,smi+top+dcgmi,--model resnet50 --data-dir /raid/datasets/imagenet64_images/ --warmup-epochs 0 --batch-size 32
34,24,,,0,-,timm/train.py,smi+top+dcgmi,--model resnet50 --data-dir /raid/datasets/imagenet64_images/ --warmup-epochs 0 --batch-size 32
34,24,,,0,-,timm/train.py,smi+top+dcgmi,--model resnet50 --data-dir /raid/datasets/imagenet64_images/ --warmup-epochs 0 --batch-size 32
34,24,,,0,-,timm/train.py,smi+top+dcgmi,--model resnet50 --data-dir /raid/datasets/imagenet64_images/ --warmup-epochs 0 --batch-size 32
34,25,,,2,1g.5gb,timm/train.py,smi+top+dcgmi,--model resnet50 --data-dir /raid/datasets/imagenet64_images/ --warmup-epochs 0 --batch-size 32
34,25,,,2,1g.5gb,timm/train.py,smi+top+dcgmi,--model resnet50 --data-dir /raid/datasets/imagenet64_images/ --warmup-epochs 0 --batch-size 32
34,25,,,2,1g.5gb,timm/train.py,smi+top+dcgmi,--model resnet50 --data-dir /raid/datasets/imagenet64_images/ --warmup-epochs 0 --batch-size 32
34,25,,,2,1g.5gb,timm/train.py,smi+top+dcgmi,--model resnet50 --data-dir /raid/datasets/imagenet64_images/ --warmup-epochs 0 --batch-size 32
34,25,,,2,1g.5gb,timm/train.py,smi+top+dcgmi,--model resnet50 --data-dir /raid/datasets/imagenet64_images/ --warmup-epochs 0 --batch-size 32
34,25,,,2,1g.5gb,timm/train.py,smi+top+dcgmi,--model resnet50 --data-dir /raid/datasets/imagenet64_images/ --warmup-epochs 0 --batch-size 32
34,25,,,2,1g.5gb,timm/train.py,smi+top+dcgmi,--model resnet50 --data-dir /raid/datasets/imagenet64_images/ --warmup-epochs 0 --batch-size 32
34,26,,,0,MPS,timm/train.py,smi+top+dcgmi,--model resnet50 --data-dir /raid/datasets/imagenet64_images/ --warmup-epochs 0 --batch-size 32
34,26,,,0,MPS,timm/train.py,smi+top+dcgmi,--model resnet50 --data-dir /raid/datasets/imagenet64_images/ --warmup-epochs 0 --batch-size 32
34,26,,,0,MPS,timm/train.py,smi+top+dcgmi,--model resnet50 --data-dir /raid/datasets/imagenet64_images/ --warmup-epochs 0 --batch-size 32
34,26,,,0,MPS,timm/train.py,smi+top+dcgmi,--model resnet50 --data-dir /raid/datasets/imagenet64_images/ --warmup-epochs 0 --batch-size 32
34,26,,,0,MPS,timm/train.py,smi+top+dcgmi,--model resnet50 --data-dir /raid/datasets/imagenet64_images/ --warmup-epochs 0 --batch-size 32
34,26,,,0,MPS,timm/train.py,smi+top+dcgmi,--model resnet50 --data-dir /raid/datasets/imagenet64_images/ --warmup-epochs 0 --batch-size 32
34,26,,,0,MPS,timm/train.py,smi+top+dcgmi,--model resnet50 --data-dir /raid/datasets/imagenet64_images/ --warmup-epochs 0 --batch-size 32
34,27,,,0,-,timm/train.py,smi+top+dcgmi,--model resnet152 --data-dir /raid/datasets/imagenet/ --warmup-epochs 0 --batch-size 32
34,28,,,2,7g.40gb,timm/train.py,smi+top+dcgmi,--model resnet152 --data-dir /raid/datasets/imagenet/ --warmup-epochs 0 --batch-size 32
34,29,,,2,4g.20gb,timm/train.py,smi+top+dcgmi,--model resnet152 --data-dir /raid/datasets/imagenet/ --warmup-epochs 0 --batch-size 32
34,30,,,0,MPS,timm/train.py,smi+top+dcgmi,--model resnet152 --data-dir /raid/datasets/imagenet/ --warmup-epochs 0 --batch-size 32
34,31,,,0,-,timm/train.py,smi+top+dcgmi,--model resnet152 --data-dir /raid/datasets/imagenet/ --warmup-epochs 0 --batch-size 32
34,31,,,0,-,timm/train.py,smi+top+dcgmi,--model resnet152 --data-dir /raid/datasets/imagenet/ --warmup-epochs 0 --batch-size 32
34,32,,,2,3g.20gb,timm/train.py,smi+top+dcgmi,--model resnet152 --data-dir /raid/datasets/imagenet/ --warmup-epochs 0 --batch-size 32
34,32,,,2,3g.20gb,timm/train.py,smi+top+dcgmi,--model resnet152 --data-dir /raid/datasets/imagenet/ --warmup-epochs 0 --batch-size 32
34,33,,,0,MPS,timm/train.py,smi+top+dcgmi,--model resnet152 --data-dir /raid/datasets/imagenet/ --warmup-epochs 0 --batch-size 32
34,33,,,0,MPS,timm/train.py,smi+top+dcgmi,--model resnet152 --data-dir /raid/datasets/imagenet/ --warmup-epochs 0 --batch-size 32
34,34,,,0,-,timm/train.py,smi+top+dcgmi,--model resnet152 --data-dir /raid/datasets/imagenet/ --warmup-epochs 0 --batch-size 32
34,34,,,0,-,timm/train.py,smi+top+dcgmi,--model resnet152 --data-dir /raid/datasets/imagenet/ --warmup-epochs 0 --batch-size 32
34,34,,,0,-,timm/train.py,smi+top+dcgmi,--model resnet152 --data-dir /raid/datasets/imagenet/ --warmup-epochs 0 --batch-size 32
34,35,,,2,2g.10gb,timm/train.py,smi+top+dcgmi,--model resnet152 --data-dir /raid/datasets/imagenet/ --warmup-epochs 0 --batch-size 32
34,35,,,2,2g.10gb,timm/train.py,smi+top+dcgmi,--model resnet152 --data-dir /raid/datasets/imagenet/ --warmup-epochs 0 --batch-size 32
34,35,,,2,2g.10gb,timm/train.py,smi+top+dcgmi,--model resnet152 --data-dir /raid/datasets/imagenet/ --warmup-epochs 0 --batch-size 32
34,36,,,0,MPS,timm/train.py,smi+top+dcgmi,--model resnet152 --data-dir /raid/datasets/imagenet/ --warmup-epochs 0 --batch-size 32
34,36,,,0,MPS,timm/train.py,smi+top+dcgmi,--model resnet152 --data-dir /raid/datasets/imagenet/ --warmup-epochs 0 --batch-size 32
34,36,,,0,MPS,timm/train.py,smi+top+dcgmi,--model resnet152 --data-dir /raid/datasets/imagenet/ --warmup-epochs 0 --batch-size 32
34,37,,,0,-,timm/train.py,smi+top+dcgmi,--model resnet152 --data-dir /raid/datasets/imagenet/ --warmup-epochs 0 --batch-size 32
34,37,,,0,-,timm/train.py,smi+top+dcgmi,--model resnet152 --data-dir /raid/datasets/imagenet/ --warmup-epochs 0 --batch-size 32
34,37,,,0,-,timm/train.py,smi+top+dcgmi,--model resnet152 --data-dir /raid/datasets/imagenet/ --warmup-epochs 0 --batch-size 32
34,37,,,0,-,timm/train.py,smi+top+dcgmi,--model resnet152 --data-dir /raid/datasets/imagenet/ --warmup-epochs 0 --batch-size 32
34,37,,,0,-,timm/train.py,smi+top+dcgmi,--model resnet152 --data-dir /raid/datasets/imagenet/ --warmup-epochs 0 --batch-size 32
34,37,,,0,-,timm/train.py,smi+top+dcgmi,--model resnet152 --data-dir /raid/datasets/imagenet/ --warmup-epochs 0 --batch-size 32
34,37,,,0,-,timm/train.py,smi+top+dcgmi,--model resnet152 --data-dir /raid/datasets/imagenet/ --warmup-epochs 0 --batch-size 32
34,38,,,2,1g.5gb,timm/train.py,smi+top+dcgmi,--model resnet152 --data-dir /raid/datasets/imagenet/ --warmup-epochs 0 --batch-size 32
34,38,,,2,1g.5gb,timm/train.py,smi+top+dcgmi,--model resnet152 --data-dir /raid/datasets/imagenet/ --warmup-epochs 0 --batch-size 32
34,38,,,2,1g.5gb,timm/train.py,smi+top+dcgmi,--model resnet152 --data-dir /raid/datasets/imagenet/ --warmup-epochs 0 --batch-size 32
34,38,,,2,1g.5gb,timm/train.py,smi+top+dcgmi,--model resnet152 --data-dir /raid/datasets/imagenet/ --warmup-epochs 0 --batch-size 32
34,38,,,2,1g.5gb,timm/train.py,smi+top+dcgmi,--model resnet152 --data-dir /raid/datasets/imagenet/ --warmup-epochs 0 --batch-size 32
34,38,,,2,1g.5gb,timm/train.py,smi+top+dcgmi,--model resnet152 --data-dir /raid/datasets/imagenet/ --warmup-epochs 0 --batch-size 32
34,38,,,2,1g.5gb,timm/train.py,smi+top+dcgmi,--model resnet152 --data-dir /raid/datasets/imagenet/ --warmup-epochs 0 --batch-size 32
34,39,,,0,MPS,timm/train.py,smi+top+dcgmi,--model resnet152 --data-dir /raid/datasets/imagenet/ --warmup-epochs 0 --batch-size 32
34,39,,,0,MPS,timm/train.py,smi+top+dcgmi,--model resnet152 --data-dir /raid/datasets/imagenet/ --warmup-epochs 0 --batch-size 32
34,39,,,0,MPS,timm/train.py,smi+top+dcgmi,--model resnet152 --data-dir /raid/datasets/imagenet/ --warmup-epochs 0 --batch-size 32
34,39,,,0,MPS,timm/train.py,smi+top+dcgmi,--model resnet152 --data-dir /raid/datasets/imagenet/ --warmup-epochs 0 --batch-size 32
34,39,,,0,MPS,timm/train.py,smi+top+dcgmi,--model resnet152 --data-dir /raid/datasets/imagenet/ --warmup-epochs 0 --batch-size 32
34,39,,,0,MPS,timm/train.py,smi+top+dcgmi,--model resnet152 --data-dir /raid/datasets/imagenet/ --warmup-epochs 0 --batch-size 32
34,39,,,0,MPS,timm/train.py,smi+top+dcgmi,--model resnet152 --data-dir /raid/datasets/imagenet/ --warmup-epochs 0 --batch-size 32
35,1,,,0,-,timm/train.py,smi+top+dcgmi,--model cait_xxs24_224 --data-dir /raid/datasets/cifar10/ --warmup-epochs 0 --batch-size 128
35,2,,,2,7g.40gb,timm/train.py,smi+top+dcgmi,--model cait_xxs24_224 --data-dir /raid/datasets/cifar10/ --warmup-epochs 0 --batch-size 128
35,3,,,2,4g.20gb,timm/train.py,smi+top+dcgmi,--model cait_xxs24_224 --data-dir /raid/datasets/cifar10/ --warmup-epochs 0 --batch-size 128
35,4,,,0,MPS,timm/train.py,smi+top+dcgmi,--model cait_xxs24_224 --data-dir /raid/datasets/cifar10/ --warmup-epochs 0 --batch-size 128
35,5,,,0,-,timm/train.py,smi+top+dcgmi,--model cait_xxs24_224 --data-dir /raid/datasets/cifar10/ --warmup-epochs 0 --batch-size 128
35,5,,,0,-,timm/train.py,smi+top+dcgmi,--model cait_xxs24_224 --data-dir /raid/datasets/cifar10/ --warmup-epochs 0 --batch-size 128
35,6,,,2,3g.20gb,timm/train.py,smi+top+dcgmi,--model cait_xxs24_224 --data-dir /raid/datasets/cifar10/ --warmup-epochs 0 --batch-size 128
35,6,,,2,3g.20gb,timm/train.py,smi+top+dcgmi,--model cait_xxs24_224 --data-dir /raid/datasets/cifar10/ --warmup-epochs 0 --batch-size 128
35,7,,,0,MPS,timm/train.py,smi+top+dcgmi,--model cait_xxs24_224 --data-dir /raid/datasets/cifar10/ --warmup-epochs 0 --batch-size 128
35,7,,,0,MPS,timm/train.py,smi+top+dcgmi,--model cait_xxs24_224 --data-dir /raid/datasets/cifar10/ --warmup-epochs 0 --batch-size 128
35,8,,,0,-,timm/train.py,smi+top+dcgmi,--model cait_xxs24_224 --data-dir /raid/datasets/cifar10/ --warmup-epochs 0 --batch-size 128
35,8,,,0,-,timm/train.py,smi+top+dcgmi,--model cait_xxs24_224 --data-dir /raid/datasets/cifar10/ --warmup-epochs 0 --batch-size 128
35,8,,,0,-,timm/train.py,smi+top+dcgmi,--model cait_xxs24_224 --data-dir /raid/datasets/cifar10/ --warmup-epochs 0 --batch-size 128
35,9,,,2,2g.10gb,timm/train.py,smi+top+dcgmi,--model cait_xxs24_224 --data-dir /raid/datasets/cifar10/ --warmup-epochs 0 --batch-size 128
35,9,,,2,2g.10gb,timm/train.py,smi+top+dcgmi,--model cait_xxs24_224 --data-dir /raid/datasets/cifar10/ --warmup-epochs 0 --batch-size 128
35,9,,,2,2g.10gb,timm/train.py,smi+top+dcgmi,--model cait_xxs24_224 --data-dir /raid/datasets/cifar10/ --warmup-epochs 0 --batch-size 128
35,10,,,0,MPS,timm/train.py,smi+top+dcgmi,--model cait_xxs24_224 --data-dir /raid/datasets/cifar10/ --warmup-epochs 0 --batch-size 128
35,10,,,0,MPS,timm/train.py,smi+top+dcgmi,--model cait_xxs24_224 --data-dir /raid/datasets/cifar10/ --warmup-epochs 0 --batch-size 128
35,10,,,0,MPS,timm/train.py,smi+top+dcgmi,--model cait_xxs24_224 --data-dir /raid/datasets/cifar10/ --warmup-epochs 0 --batch-size 128
35,11,,,0,-,timm/train.py,smi+top+dcgmi,--model cait_xxs24_224 --data-dir /raid/datasets/cifar10/ --warmup-epochs 0 --batch-size 128
35,11,,,0,-,timm/train.py,smi+top+dcgmi,--model cait_xxs24_224 --data-dir /raid/datasets/cifar10/ --warmup-epochs 0 --batch-size 128
35,11,,,0,-,timm/train.py,smi+top+dcgmi,--model cait_xxs24_224 --data-dir /raid/datasets/cifar10/ --warmup-epochs 0 --batch-size 128
35,11,,,0,-,timm/train.py,smi+top+dcgmi,--model cait_xxs24_224 --data-dir /raid/datasets/cifar10/ --warmup-epochs 0 --batch-size 128
35,11,,,0,-,timm/train.py,smi+top+dcgmi,--model cait_xxs24_224 --data-dir /raid/datasets/cifar10/ --warmup-epochs 0 --batch-size 128
35,11,,,0,-,timm/train.py,smi+top+dcgmi,--model cait_xxs24_224 --data-dir /raid/datasets/cifar10/ --warmup-epochs 0 --batch-size 128
35,11,,,0,-,timm/train.py,smi+top+dcgmi,--model cait_xxs24_224 --data-dir /raid/datasets/cifar10/ --warmup-epochs 0 --batch-size 128
35,12,,,2,1g.5gb,timm/train.py,smi+top+dcgmi,--model cait_xxs24_224 --data-dir /raid/datasets/cifar10/ --warmup-epochs 0 --batch-size 128
35,12,,,2,1g.5gb,timm/train.py,smi+top+dcgmi,--model cait_xxs24_224 --data-dir /raid/datasets/cifar10/ --warmup-epochs 0 --batch-size 128
35,12,,,2,1g.5gb,timm/train.py,smi+top+dcgmi,--model cait_xxs24_224 --data-dir /raid/datasets/cifar10/ --warmup-epochs 0 --batch-size 128
35,12,,,2,1g.5gb,timm/train.py,smi+top+dcgmi,--model cait_xxs24_224 --data-dir /raid/datasets/cifar10/ --warmup-epochs 0 --batch-size 128
35,12,,,2,1g.5gb,timm/train.py,smi+top+dcgmi,--model cait_xxs24_224 --data-dir /raid/datasets/cifar10/ --warmup-epochs 0 --batch-size 128
35,12,,,2,1g.5gb,timm/train.py,smi+top+dcgmi,--model cait_xxs24_224 --data-dir /raid/datasets/cifar10/ --warmup-epochs 0 --batch-size 128
35,12,,,2,1g.5gb,timm/train.py,smi+top+dcgmi,--model cait_xxs24_224 --data-dir /raid/datasets/cifar10/ --warmup-epochs 0 --batch-size 128
35,13,,,0,MPS,timm/train.py,smi+top+dcgmi,--model cait_xxs24_224 --data-dir /raid/datasets/cifar10/ --warmup-epochs 0 --batch-size 128
35,13,,,0,MPS,timm/train.py,smi+top+dcgmi,--model cait_xxs24_224 --data-dir /raid/datasets/cifar10/ --warmup-epochs 0 --batch-size 128
35,13,,,0,MPS,timm/train.py,smi+top+dcgmi,--model cait_xxs24_224 --data-dir /raid/datasets/cifar10/ --warmup-epochs 0 --batch-size 128
35,13,,,0,MPS,timm/train.py,smi+top+dcgmi,--model cait_xxs24_224 --data-dir /raid/datasets/cifar10/ --warmup-epochs 0 --batch-size 128
35,13,,,0,MPS,timm/train.py,smi+top+dcgmi,--model cait_xxs24_224 --data-dir /raid/datasets/cifar10/ --warmup-epochs 0 --batch-size 128
35,13,,,0,MPS,timm/train.py,smi+top+dcgmi,--model cait_xxs24_224 --data-dir /raid/datasets/cifar10/ --warmup-epochs 0 --batch-size 128
35,13,,,0,MPS,timm/train.py,smi+top+dcgmi,--model cait_xxs24_224 --data-dir /raid/datasets/cifar10/ --warmup-epochs 0 --batch-size 128
35,14,,,0,-,timm/train.py,smi+top+dcgmi,--model cait_xxs24_224 --data-dir /raid/datasets/imagenet64_images/ --warmup-epochs 0 --batch-size 128
35,15,,,2,7g.40gb,timm/train.py,smi+top+dcgmi,--model cait_xxs24_224 --data-dir /raid/datasets/imagenet64_images/ --warmup-epochs 0 --batch-size 128
35,16,,,2,4g.20gb,timm/train.py,smi+top+dcgmi,--model cait_xxs24_224 --data-dir /raid/datasets/imagenet64_images/ --warmup-epochs 0 --batch-size 128
35,17,,,0,MPS,timm/train.py,smi+top+dcgmi,--model cait_xxs24_224 --data-dir /raid/datasets/imagenet64_images/ --warmup-epochs 0 --batch-size 128
35,18,,,0,-,timm/train.py,smi+top+dcgmi,--model cait_xxs24_224 --data-dir /raid/datasets/imagenet64_images/ --warmup-epochs 0 --batch-size 128
35,18,,,0,-,timm/train.py,smi+top+dcgmi,--model cait_xxs24_224 --data-dir /raid/datasets/imagenet64_images/ --warmup-epochs 0 --batch-size 128
35,19,,,2,3g.20gb,timm/train.py,smi+top+dcgmi,--model cait_xxs24_224 --data-dir /raid/datasets/imagenet64_images/ --warmup-epochs 0 --batch-size 128
35,19,,,2,3g.20gb,timm/train.py,smi+top+dcgmi,--model cait_xxs24_224 --data-dir /raid/datasets/imagenet64_images/ --warmup-epochs 0 --batch-size 128
35,20,,,0,MPS,timm/train.py,smi+top+dcgmi,--model cait_xxs24_224 --data-dir /raid/datasets/imagenet64_images/ --warmup-epochs 0 --batch-size 128
35,20,,,0,MPS,timm/train.py,smi+top+dcgmi,--model cait_xxs24_224 --data-dir /raid/datasets/imagenet64_images/ --warmup-epochs 0 --batch-size 128
35,21,,,0,-,timm/train.py,smi+top+dcgmi,--model cait_xxs24_224 --data-dir /raid/datasets/imagenet64_images/ --warmup-epochs 0 --batch-size 128
35,21,,,0,-,timm/train.py,smi+top+dcgmi,--model cait_xxs24_224 --data-dir /raid/datasets/imagenet64_images/ --warmup-epochs 0 --batch-size 128
35,21,,,0,-,timm/train.py,smi+top+dcgmi,--model cait_xxs24_224 --data-dir /raid/datasets/imagenet64_images/ --warmup-epochs 0 --batch-size 128
35,22,,,2,2g.10gb,timm/train.py,smi+top+dcgmi,--model cait_xxs24_224 --data-dir /raid/datasets/imagenet64_images/ --warmup-epochs 0 --batch-size 128
35,22,,,2,2g.10gb,timm/train.py,smi+top+dcgmi,--model cait_xxs24_224 --data-dir /raid/datasets/imagenet64_images/ --warmup-epochs 0 --batch-size 128
35,22,,,2,2g.10gb,timm/train.py,smi+top+dcgmi,--model cait_xxs24_224 --data-dir /raid/datasets/imagenet64_images/ --warmup-epochs 0 --batch-size 128
35,23,,,0,MPS,timm/train.py,smi+top+dcgmi,--model cait_xxs24_224 --data-dir /raid/datasets/imagenet64_images/ --warmup-epochs 0 --batch-size 128
35,23,,,0,MPS,timm/train.py,smi+top+dcgmi,--model cait_xxs24_224 --data-dir /raid/datasets/imagenet64_images/ --warmup-epochs 0 --batch-size 128
35,23,,,0,MPS,timm/train.py,smi+top+dcgmi,--model cait_xxs24_224 --data-dir /raid/datasets/imagenet64_images/ --warmup-epochs 0 --batch-size 128
35,24,,,0,-,timm/train.py,smi+top+dcgmi,--model cait_xxs24_224 --data-dir /raid/datasets/imagenet64_images/ --warmup-epochs 0 --batch-size 128
35,24,,,0,-,timm/train.py,smi+top+dcgmi,--model cait_xxs24_224 --data-dir /raid/datasets/imagenet64_images/ --warmup-epochs 0 --batch-size 128
35,24,,,0,-,timm/train.py,smi+top+dcgmi,--model cait_xxs24_224 --data-dir /raid/datasets/imagenet64_images/ --warmup-epochs 0 --batch-size 128
35,24,,,0,-,timm/train.py,smi+top+dcgmi,--model cait_xxs24_224 --data-dir /raid/datasets/imagenet64_images/ --warmup-epochs 0 --batch-size 128
35,24,,,0,-,timm/train.py,smi+top+dcgmi,--model cait_xxs24_224 --data-dir /raid/datasets/imagenet64_images/ --warmup-epochs 0 --batch-size 128
35,24,,,0,-,timm/train.py,smi+top+dcgmi,--model cait_xxs24_224 --data-dir /raid/datasets/imagenet64_images/ --warmup-epochs 0 --batch-size 128
35,24,,,0,-,timm/train.py,smi+top+dcgmi,--model cait_xxs24_224 --data-dir /raid/datasets/imagenet64_images/ --warmup-epochs 0 --batch-size 128
35,25,,,2,1g.5gb,timm/train.py,smi+top+dcgmi,--model cait_xxs24_224 --data-dir /raid/datasets/imagenet64_images/ --warmup-epochs 0 --batch-size 128
35,25,,,2,1g.5gb,timm/train.py,smi+top+dcgmi,--model cait_xxs24_224 --data-dir /raid/datasets/imagenet64_images/ --warmup-epochs 0 --batch-size 128
35,25,,,2,1g.5gb,timm/train.py,smi+top+dcgmi,--model cait_xxs24_224 --data-dir /raid/datasets/imagenet64_images/ --warmup-epochs 0 --batch-size 128
35,25,,,2,1g.5gb,timm/train.py,smi+top+dcgmi,--model cait_xxs24_224 --data-dir /raid/datasets/imagenet64_images/ --warmup-epochs 0 --batch-size 128
35,25,,,2,1g.5gb,timm/train.py,smi+top+dcgmi,--model cait_xxs24_224 --data-dir /raid/datasets/imagenet64_images/ --warmup-epochs 0 --batch-size 128
35,25,,,2,1g.5gb,timm/train.py,smi+top+dcgmi,--model cait_xxs24_224 --data-dir /raid/datasets/imagenet64_images/ --warmup-epochs 0 --batch-size 128
35,25,,,2,1g.5gb,timm/train.py,smi+top+dcgmi,--model cait_xxs24_224 --data-dir /raid/datasets/imagenet64_images/ --warmup-epochs 0 --batch-size 128
35,26,,,0,MPS,timm/train.py,smi+top+dcgmi,--model cait_xxs24_224 --data-dir /raid/datasets/imagenet64_images/ --warmup-epochs 0 --batch-size 128
35,26,,,0,MPS,timm/train.py,smi+top+dcgmi,--model cait_xxs24_224 --data-dir /raid/datasets/imagenet64_images/ --warmup-epochs 0 --batch-size 128
35,26,,,0,MPS,timm/train.py,smi+top+dcgmi,--model cait_xxs24_224 --data-dir /raid/datasets/imagenet64_images/ --warmup-epochs 0 --batch-size 128
35,26,,,0,MPS,timm/train.py,smi+top+dcgmi,--model cait_xxs24_224 --data-dir /raid/datasets/imagenet64_images/ --warmup-epochs 0 --batch-size 128
35,26,,,0,MPS,timm/train.py,smi+top+dcgmi,--model cait_xxs24_224 --data-dir /raid/datasets/imagenet64_images/ --warmup-epochs 0 --batch-size 128
35,26,,,0,MPS,timm/train.py,smi+top+dcgmi,--model cait_xxs24_224 --data-dir /raid/datasets/imagenet64_images/ --warmup-epochs 0 --batch-size 128
35,26,,,0,MPS,timm/train.py,smi+top+dcgmi,--model cait_xxs24_224 --data-dir /raid/datasets/imagenet64_images/ --warmup-epochs 0 --batch-size 128
35,27,,,0,-,timm/train.py,smi+top+dcgmi,--model cait_xxs24_224 --data-dir /raid/datasets/imagenet/ --warmup-epochs 0 --batch-size 128
35,28,,,2,7g.40gb,timm/train.py,smi+top+dcgmi,--model cait_xxs24_224 --data-dir /raid/datasets/imagenet/ --warmup-epochs 0 --batch-size 128
35,29,,,2,4g.20gb,timm/train.py,smi+top+dcgmi,--model cait_xxs24_224 --data-dir /raid/datasets/imagenet/ --warmup-epochs 0 --batch-size 128
35,30,,,0,MPS,timm/train.py,smi+top+dcgmi,--model cait_xxs24_224 --data-dir /raid/datasets/imagenet/ --warmup-epochs 0 --batch-size 128
35,31,,,0,-,timm/train.py,smi+top+dcgmi,--model cait_xxs24_224 --data-dir /raid/datasets/imagenet/ --warmup-epochs 0 --batch-size 128
35,31,,,0,-,timm/train.py,smi+top+dcgmi,--model cait_xxs24_224 --data-dir /raid/datasets/imagenet/ --warmup-epochs 0 --batch-size 128
35,32,,,2,3g.20gb,timm/train.py,smi+top+dcgmi,--model cait_xxs24_224 --data-dir /raid/datasets/imagenet/ --warmup-epochs 0 --batch-size 128
35,32,,,2,3g.20gb,timm/train.py,smi+top+dcgmi,--model cait_xxs24_224 --data-dir /raid/datasets/imagenet/ --warmup-epochs 0 --batch-size 128
35,33,,,0,MPS,timm/train.py,smi+top+dcgmi,--model cait_xxs24_224 --data-dir /raid/datasets/imagenet/ --warmup-epochs 0 --batch-size 128
35,33,,,0,MPS,timm/train.py,smi+top+dcgmi,--model cait_xxs24_224 --data-dir /raid/datasets/imagenet/ --warmup-epochs 0 --batch-size 128
35,34,,,0,-,timm/train.py,smi+top+dcgmi,--model cait_xxs24_224 --data-dir /raid/datasets/imagenet/ --warmup-epochs 0 --batch-size 128
35,34,,,0,-,timm/train.py,smi+top+dcgmi,--model cait_xxs24_224 --data-dir /raid/datasets/imagenet/ --warmup-epochs 0 --batch-size 128
35,34,,,0,-,timm/train.py,smi+top+dcgmi,--model cait_xxs24_224 --data-dir /raid/datasets/imagenet/ --warmup-epochs 0 --batch-size 128
35,35,,,2,2g.10gb,timm/train.py,smi+top+dcgmi,--model cait_xxs24_224 --data-dir /raid/datasets/imagenet/ --warmup-epochs 0 --batch-size 128
35,35,,,2,2g.10gb,timm/train.py,smi+top+dcgmi,--model cait_xxs24_224 --data-dir /raid/datasets/imagenet/ --warmup-epochs 0 --batch-size 128
35,35,,,2,2g.10gb,timm/train.py,smi+top+dcgmi,--model cait_xxs24_224 --data-dir /raid/datasets/imagenet/ --warmup-epochs 0 --batch-size 128
35,36,,,0,MPS,timm/train.py,smi+top+dcgmi,--model cait_xxs24_224 --data-dir /raid/datasets/imagenet/ --warmup-epochs 0 --batch-size 128
35,36,,,0,MPS,timm/train.py,smi+top+dcgmi,--model cait_xxs24_224 --data-dir /raid/datasets/imagenet/ --warmup-epochs 0 --batch-size 128
35,36,,,0,MPS,timm/train.py,smi+top+dcgmi,--model cait_xxs24_224 --data-dir /raid/datasets/imagenet/ --warmup-epochs 0 --batch-size 128
35,37,,,0,-,timm/train.py,smi+top+dcgmi,--model cait_xxs24_224 --data-dir /raid/datasets/imagenet/ --warmup-epochs 0 --batch-size 128
35,37,,,0,-,timm/train.py,smi+top+dcgmi,--model cait_xxs24_224 --data-dir /raid/datasets/imagenet/ --warmup-epochs 0 --batch-size 128
35,37,,,0,-,timm/train.py,smi+top+dcgmi,--model cait_xxs24_224 --data-dir /raid/datasets/imagenet/ --warmup-epochs 0 --batch-size 128
35,37,,,0,-,timm/train.py,smi+top+dcgmi,--model cait_xxs24_224 --data-dir /raid/datasets/imagenet/ --warmup-epochs 0 --batch-size 128
35,37,,,0,-,timm/train.py,smi+top+dcgmi,--model cait_xxs24_224 --data-dir /raid/datasets/imagenet/ --warmup-epochs 0 --batch-size 128
35,37,,,0,-,timm/train.py,smi+top+dcgmi,--model cait_xxs24_224 --data-dir /raid/datasets/imagenet/ --warmup-epochs 0 --batch-size 128
35,37,,,0,-,timm/train.py,smi+top+dcgmi,--model cait_xxs24_224 --data-dir /raid/datasets/imagenet/ --warmup-epochs 0 --batch-size 128
35,38,,,2,1g.5gb,timm/train.py,smi+top+dcgmi,--model cait_xxs24_224 --data-dir /raid/datasets/imagenet/ --warmup-epochs 0 --batch-size 128
35,38,,,2,1g.5gb,timm/train.py,smi+top+dcgmi,--model cait_xxs24_224 --data-dir /raid/datasets/imagenet/ --warmup-epochs 0 --batch-size 128
35,38,,,2,1g.5gb,timm/train.py,smi+top+dcgmi,--model cait_xxs24_224 --data-dir /raid/datasets/imagenet/ --warmup-epochs 0 --batch-size 128
35,38,,,2,1g.5gb,timm/train.py,smi+top+dcgmi,--model cait_xxs24_224 --data-dir /raid/datasets/imagenet/ --warmup-epochs 0 --batch-size 128
35,38,,,2,1g.5gb,timm/train.py,smi+top+dcgmi,--model cait_xxs24_224 --data-dir /raid/datasets/imagenet/ --warmup-epochs 0 --batch-size 128
35,38,,,2,1g.5gb,timm/train.py,smi+top+dcgmi,--model cait_xxs24_224 --data-dir /raid/datasets/imagenet/ --warmup-epochs 0 --batch-size 128
35,38,,,2,1g.5gb,timm/train.py,smi+top+dcgmi,--model cait_xxs24_224 --data-dir /raid/datasets/imagenet/ --warmup-epochs 0 --batch-size 128
35,39,,,0,MPS,timm/train.py,smi+top+dcgmi,--model cait_xxs24_224 --data-dir /raid/datasets/imagenet/ --warmup-epochs 0 --batch-size 128
35,39,,,0,MPS,timm/train.py,smi+top+dcgmi,--model cait_xxs24_224 --data-dir /raid/datasets/imagenet/ --warmup-epochs 0 --batch-size 128
35,39,,,0,MPS,timm/train.py,smi+top+dcgmi,--model cait_xxs24_224 --data-dir /raid/datasets/imagenet/ --warmup-epochs 0 --batch-size 128
35,39,,,0,MPS,timm/train.py,smi+top+dcgmi,--model cait_xxs24_224 --data-dir /raid/datasets/imagenet/ --warmup-epochs 0 --batch-size 128
35,39,,,0,MPS,timm/train.py,smi+top+dcgmi,--model cait_xxs24_224 --data-dir /raid/datasets/imagenet/ --warmup-epochs 0 --batch-size 128
35,39,,,0,MPS,timm/train.py,smi+top+dcgmi,--model cait_xxs24_224 --data-dir /raid/datasets/imagenet/ --warmup-epochs 0 --batch-size 128
35,39,,,0,MPS,timm/train.py,smi+top+dcgmi,--model cait_xxs24_224 --data-dir /raid/datasets/imagenet/ --warmup-epochs 0 --batch-size 128
36,1,,,0,-,timm/train.py,smi+top+dcgmi,--model efficientnetv2_s --data-dir /raid/datasets/cifar10/ --warmup-epochs 0 --batch-size 128
36,2,,,2,7g.40gb,timm/train.py,smi+top+dcgmi,--model efficientnetv2_s --data-dir /raid/datasets/cifar10/ --warmup-epochs 0 --batch-size 128
36,3,,,2,4g.20gb,timm/train.py,smi+top+dcgmi,--model efficientnetv2_s --data-dir /raid/datasets/cifar10/ --warmup-epochs 0 --batch-size 128
36,4,,,0,MPS,timm/train.py,smi+top+dcgmi,--model efficientnetv2_s --data-dir /raid/datasets/cifar10/ --warmup-epochs 0 --batch-size 128
36,5,,,0,-,timm/train.py,smi+top+dcgmi,--model efficientnetv2_s --data-dir /raid/datasets/cifar10/ --warmup-epochs 0 --batch-size 128
36,5,,,0,-,timm/train.py,smi+top+dcgmi,--model efficientnetv2_s --data-dir /raid/datasets/cifar10/ --warmup-epochs 0 --batch-size 128
36,6,,,2,3g.20gb,timm/train.py,smi+top+dcgmi,--model efficientnetv2_s --data-dir /raid/datasets/cifar10/ --warmup-epochs 0 --batch-size 128
36,6,,,2,3g.20gb,timm/train.py,smi+top+dcgmi,--model efficientnetv2_s --data-dir /raid/datasets/cifar10/ --warmup-epochs 0 --batch-size 128
36,7,,,0,MPS,timm/train.py,smi+top+dcgmi,--model efficientnetv2_s --data-dir /raid/datasets/cifar10/ --warmup-epochs 0 --batch-size 128
36,7,,,0,MPS,timm/train.py,smi+top+dcgmi,--model efficientnetv2_s --data-dir /raid/datasets/cifar10/ --warmup-epochs 0 --batch-size 128
36,8,,,0,-,timm/train.py,smi+top+dcgmi,--model efficientnetv2_s --data-dir /raid/datasets/cifar10/ --warmup-epochs 0 --batch-size 128
36,8,,,0,-,timm/train.py,smi+top+dcgmi,--model efficientnetv2_s --data-dir /raid/datasets/cifar10/ --warmup-epochs 0 --batch-size 128
36,8,,,0,-,timm/train.py,smi+top+dcgmi,--model efficientnetv2_s --data-dir /raid/datasets/cifar10/ --warmup-epochs 0 --batch-size 128
36,9,,,2,2g.10gb,timm/train.py,smi+top+dcgmi,--model efficientnetv2_s --data-dir /raid/datasets/cifar10/ --warmup-epochs 0 --batch-size 128
36,9,,,2,2g.10gb,timm/train.py,smi+top+dcgmi,--model efficientnetv2_s --data-dir /raid/datasets/cifar10/ --warmup-epochs 0 --batch-size 128
36,9,,,2,2g.10gb,timm/train.py,smi+top+dcgmi,--model efficientnetv2_s --data-dir /raid/datasets/cifar10/ --warmup-epochs 0 --batch-size 128
36,10,,,0,MPS,timm/train.py,smi+top+dcgmi,--model efficientnetv2_s --data-dir /raid/datasets/cifar10/ --warmup-epochs 0 --batch-size 128
36,10,,,0,MPS,timm/train.py,smi+top+dcgmi,--model efficientnetv2_s --data-dir /raid/datasets/cifar10/ --warmup-epochs 0 --batch-size 128
36,10,,,0,MPS,timm/train.py,smi+top+dcgmi,--model efficientnetv2_s --data-dir /raid/datasets/cifar10/ --warmup-epochs 0 --batch-size 128
36,11,,,0,-,timm/train.py,smi+top+dcgmi,--model efficientnetv2_s --data-dir /raid/datasets/cifar10/ --warmup-epochs 0 --batch-size 128
36,11,,,0,-,timm/train.py,smi+top+dcgmi,--model efficientnetv2_s --data-dir /raid/datasets/cifar10/ --warmup-epochs 0 --batch-size 128
36,11,,,0,-,timm/train.py,smi+top+dcgmi,--model efficientnetv2_s --data-dir /raid/datasets/cifar10/ --warmup-epochs 0 --batch-size 128
36,11,,,0,-,timm/train.py,smi+top+dcgmi,--model efficientnetv2_s --data-dir /raid/datasets/cifar10/ --warmup-epochs 0 --batch-size 128
36,11,,,0,-,timm/train.py,smi+top+dcgmi,--model efficientnetv2_s --data-dir /raid/datasets/cifar10/ --warmup-epochs 0 --batch-size 128
36,11,,,0,-,timm/train.py,smi+top+dcgmi,--model efficientnetv2_s --data-dir /raid/datasets/cifar10/ --warmup-epochs 0 --batch-size 128
36,11,,,0,-,timm/train.py,smi+top+dcgmi,--model efficientnetv2_s --data-dir /raid/datasets/cifar10/ --warmup-epochs 0 --batch-size 128
36,12,,,2,1g.5gb,timm/train.py,smi+top+dcgmi,--model efficientnetv2_s --data-dir /raid/datasets/cifar10/ --warmup-epochs 0 --batch-size 128
36,12,,,2,1g.5gb,timm/train.py,smi+top+dcgmi,--model efficientnetv2_s --data-dir /raid/datasets/cifar10/ --warmup-epochs 0 --batch-size 128
36,12,,,2,1g.5gb,timm/train.py,smi+top+dcgmi,--model efficientnetv2_s --data-dir /raid/datasets/cifar10/ --warmup-epochs 0 --batch-size 128
36,12,,,2,1g.5gb,timm/train.py,smi+top+dcgmi,--model efficientnetv2_s --data-dir /raid/datasets/cifar10/ --warmup-epochs 0 --batch-size 128
36,12,,,2,1g.5gb,timm/train.py,smi+top+dcgmi,--model efficientnetv2_s --data-dir /raid/datasets/cifar10/ --warmup-epochs 0 --batch-size 128
36,12,,,2,1g.5gb,timm/train.py,smi+top+dcgmi,--model efficientnetv2_s --data-dir /raid/datasets/cifar10/ --warmup-epochs 0 --batch-size 128
36,12,,,2,1g.5gb,timm/train.py,smi+top+dcgmi,--model efficientnetv2_s --data-dir /raid/datasets/cifar10/ --warmup-epochs 0 --batch-size 128
36,13,,,0,MPS,timm/train.py,smi+top+dcgmi,--model efficientnetv2_s --data-dir /raid/datasets/cifar10/ --warmup-epochs 0 --batch-size 128
36,13,,,0,MPS,timm/train.py,smi+top+dcgmi,--model efficientnetv2_s --data-dir /raid/datasets/cifar10/ --warmup-epochs 0 --batch-size 128
36,13,,,0,MPS,timm/train.py,smi+top+dcgmi,--model efficientnetv2_s --data-dir /raid/datasets/cifar10/ --warmup-epochs 0 --batch-size 128
36,13,,,0,MPS,timm/train.py,smi+top+dcgmi,--model efficientnetv2_s --data-dir /raid/datasets/cifar10/ --warmup-epochs 0 --batch-size 128
36,13,,,0,MPS,timm/train.py,smi+top+dcgmi,--model efficientnetv2_s --data-dir /raid/datasets/cifar10/ --warmup-epochs 0 --batch-size 128
36,13,,,0,MPS,timm/train.py,smi+top+dcgmi,--model efficientnetv2_s --data-dir /raid/datasets/cifar10/ --warmup-epochs 0 --batch-size 128
36,13,,,0,MPS,timm/train.py,smi+top+dcgmi,--model efficientnetv2_s --data-dir /raid/datasets/cifar10/ --warmup-epochs 0 --batch-size 128
36,14,,,0,-,timm/train.py,smi+top+dcgmi,--model efficientnetv2_s --data-dir /raid/datasets/imagenet64_images/ --warmup-epochs 0 --batch-size 128
36,15,,,2,7g.40gb,timm/train.py,smi+top+dcgmi,--model efficientnetv2_s --data-dir /raid/datasets/imagenet64_images/ --warmup-epochs 0 --batch-size 128
36,16,,,2,4g.20gb,timm/train.py,smi+top+dcgmi,--model efficientnetv2_s --data-dir /raid/datasets/imagenet64_images/ --warmup-epochs 0 --batch-size 128
36,17,,,0,MPS,timm/train.py,smi+top+dcgmi,--model efficientnetv2_s --data-dir /raid/datasets/imagenet64_images/ --warmup-epochs 0 --batch-size 128
36,18,,,0,-,timm/train.py,smi+top+dcgmi,--model efficientnetv2_s --data-dir /raid/datasets/imagenet64_images/ --warmup-epochs 0 --batch-size 128
36,18,,,0,-,timm/train.py,smi+top+dcgmi,--model efficientnetv2_s --data-dir /raid/datasets/imagenet64_images/ --warmup-epochs 0 --batch-size 128
36,19,,,2,3g.20gb,timm/train.py,smi+top+dcgmi,--model efficientnetv2_s --data-dir /raid/datasets/imagenet64_images/ --warmup-epochs 0 --batch-size 128
36,19,,,2,3g.20gb,timm/train.py,smi+top+dcgmi,--model efficientnetv2_s --data-dir /raid/datasets/imagenet64_images/ --warmup-epochs 0 --batch-size 128
36,20,,,0,MPS,timm/train.py,smi+top+dcgmi,--model efficientnetv2_s --data-dir /raid/datasets/imagenet64_images/ --warmup-epochs 0 --batch-size 128
36,20,,,0,MPS,timm/train.py,smi+top+dcgmi,--model efficientnetv2_s --data-dir /raid/datasets/imagenet64_images/ --warmup-epochs 0 --batch-size 128
36,21,,,0,-,timm/train.py,smi+top+dcgmi,--model efficientnetv2_s --data-dir /raid/datasets/imagenet64_images/ --warmup-epochs 0 --batch-size 128
36,21,,,0,-,timm/train.py,smi+top+dcgmi,--model efficientnetv2_s --data-dir /raid/datasets/imagenet64_images/ --warmup-epochs 0 --batch-size 128
36,21,,,0,-,timm/train.py,smi+top+dcgmi,--model efficientnetv2_s --data-dir /raid/datasets/imagenet64_images/ --warmup-epochs 0 --batch-size 128
36,22,,,2,2g.10gb,timm/train.py,smi+top+dcgmi,--model efficientnetv2_s --data-dir /raid/datasets/imagenet64_images/ --warmup-epochs 0 --batch-size 128
36,22,,,2,2g.10gb,timm/train.py,smi+top+dcgmi,--model efficientnetv2_s --data-dir /raid/datasets/imagenet64_images/ --warmup-epochs 0 --batch-size 128
36,22,,,2,2g.10gb,timm/train.py,smi+top+dcgmi,--model efficientnetv2_s --data-dir /raid/datasets/imagenet64_images/ --warmup-epochs 0 --batch-size 128
36,23,,,0,MPS,timm/train.py,smi+top+dcgmi,--model efficientnetv2_s --data-dir /raid/datasets/imagenet64_images/ --warmup-epochs 0 --batch-size 128
36,23,,,0,MPS,timm/train.py,smi+top+dcgmi,--model efficientnetv2_s --data-dir /raid/datasets/imagenet64_images/ --warmup-epochs 0 --batch-size 128
36,23,,,0,MPS,timm/train.py,smi+top+dcgmi,--model efficientnetv2_s --data-dir /raid/datasets/imagenet64_images/ --warmup-epochs 0 --batch-size 128
36,24,,,0,-,timm/train.py,smi+top+dcgmi,--model efficientnetv2_s --data-dir /raid/datasets/imagenet64_images/ --warmup-epochs 0 --batch-size 128
36,24,,,0,-,timm/train.py,smi+top+dcgmi,--model efficientnetv2_s --data-dir /raid/datasets/imagenet64_images/ --warmup-epochs 0 --batch-size 128
36,24,,,0,-,timm/train.py,smi+top+dcgmi,--model efficientnetv2_s --data-dir /raid/datasets/imagenet64_images/ --warmup-epochs 0 --batch-size 128
36,24,,,0,-,timm/train.py,smi+top+dcgmi,--model efficientnetv2_s --data-dir /raid/datasets/imagenet64_images/ --warmup-epochs 0 --batch-size 128
36,24,,,0,-,timm/train.py,smi+top+dcgmi,--model efficientnetv2_s --data-dir /raid/datasets/imagenet64_images/ --warmup-epochs 0 --batch-size 128
36,24,,,0,-,timm/train.py,smi+top+dcgmi,--model efficientnetv2_s --data-dir /raid/datasets/imagenet64_images/ --warmup-epochs 0 --batch-size 128
36,24,,,0,-,timm/train.py,smi+top+dcgmi,--model efficientnetv2_s --data-dir /raid/datasets/imagenet64_images/ --warmup-epochs 0 --batch-size 128
36,25,,,2,1g.5gb,timm/train.py,smi+top+dcgmi,--model efficientnetv2_s --data-dir /raid/datasets/imagenet64_images/ --warmup-epochs 0 --batch-size 128
36,25,,,2,1g.5gb,timm/train.py,smi+top+dcgmi,--model efficientnetv2_s --data-dir /raid/datasets/imagenet64_images/ --warmup-epochs 0 --batch-size 128
36,25,,,2,1g.5gb,timm/train.py,smi+top+dcgmi,--model efficientnetv2_s --data-dir /raid/datasets/imagenet64_images/ --warmup-epochs 0 --batch-size 128
36,25,,,2,1g.5gb,timm/train.py,smi+top+dcgmi,--model efficientnetv2_s --data-dir /raid/datasets/imagenet64_images/ --warmup-epochs 0 --batch-size 128
36,25,,,2,1g.5gb,timm/train.py,smi+top+dcgmi,--model efficientnetv2_s --data-dir /raid/datasets/imagenet64_images/ --warmup-epochs 0 --batch-size 128
36,25,,,2,1g.5gb,timm/train.py,smi+top+dcgmi,--model efficientnetv2_s --data-dir /raid/datasets/imagenet64_images/ --warmup-epochs 0 --batch-size 128
36,25,,,2,1g.5gb,timm/train.py,smi+top+dcgmi,--model efficientnetv2_s --data-dir /raid/datasets/imagenet64_images/ --warmup-epochs 0 --batch-size 128
36,26,,,0,MPS,timm/train.py,smi+top+dcgmi,--model efficientnetv2_s --data-dir /raid/datasets/imagenet64_images/ --warmup-epochs 0 --batch-size 128
36,26,,,0,MPS,timm/train.py,smi+top+dcgmi,--model efficientnetv2_s --data-dir /raid/datasets/imagenet64_images/ --warmup-epochs 0 --batch-size 128
36,26,,,0,MPS,timm/train.py,smi+top+dcgmi,--model efficientnetv2_s --data-dir /raid/datasets/imagenet64_images/ --warmup-epochs 0 --batch-size 128
36,26,,,0,MPS,timm/train.py,smi+top+dcgmi,--model efficientnetv2_s --data-dir /raid/datasets/imagenet64_images/ --warmup-epochs 0 --batch-size 128
36,26,,,0,MPS,timm/train.py,smi+top+dcgmi,--model efficientnetv2_s --data-dir /raid/datasets/imagenet64_images/ --warmup-epochs 0 --batch-size 128
36,26,,,0,MPS,timm/train.py,smi+top+dcgmi,--model efficientnetv2_s --data-dir /raid/datasets/imagenet64_images/ --warmup-epochs 0 --batch-size 128
36,26,,,0,MPS,timm/train.py,smi+top+dcgmi,--model efficientnetv2_s --data-dir /raid/datasets/imagenet64_images/ --warmup-epochs 0 --batch-size 128
36,27,,,0,-,timm/train.py,smi+top+dcgmi,--model efficientnetv2_s --data-dir /raid/datasets/imagenet/ --warmup-epochs 0 --batch-size 128
36,28,,,2,7g.40gb,timm/train.py,smi+top+dcgmi,--model efficientnetv2_s --data-dir /raid/datasets/imagenet/ --warmup-epochs 0 --batch-size 128
36,29,,,2,4g.20gb,timm/train.py,smi+top+dcgmi,--model efficientnetv2_s --data-dir /raid/datasets/imagenet/ --warmup-epochs 0 --batch-size 128
36,30,,,0,MPS,timm/train.py,smi+top+dcgmi,--model efficientnetv2_s --data-dir /raid/datasets/imagenet/ --warmup-epochs 0 --batch-size 128
36,31,,,0,-,timm/train.py,smi+top+dcgmi,--model efficientnetv2_s --data-dir /raid/datasets/imagenet/ --warmup-epochs 0 --batch-size 128
36,31,,,0,-,timm/train.py,smi+top+dcgmi,--model efficientnetv2_s --data-dir /raid/datasets/imagenet/ --warmup-epochs 0 --batch-size 128
36,32,,,2,3g.20gb,timm/train.py,smi+top+dcgmi,--model efficientnetv2_s --data-dir /raid/datasets/imagenet/ --warmup-epochs 0 --batch-size 128
36,32,,,2,3g.20gb,timm/train.py,smi+top+dcgmi,--model efficientnetv2_s --data-dir /raid/datasets/imagenet/ --warmup-epochs 0 --batch-size 128
36,33,,,0,MPS,timm/train.py,smi+top+dcgmi,--model efficientnetv2_s --data-dir /raid/datasets/imagenet/ --warmup-epochs 0 --batch-size 128
36,33,,,0,MPS,timm/train.py,smi+top+dcgmi,--model efficientnetv2_s --data-dir /raid/datasets/imagenet/ --warmup-epochs 0 --batch-size 128
36,34,,,0,-,timm/train.py,smi+top+dcgmi,--model efficientnetv2_s --data-dir /raid/datasets/imagenet/ --warmup-epochs 0 --batch-size 128
36,34,,,0,-,timm/train.py,smi+top+dcgmi,--model efficientnetv2_s --data-dir /raid/datasets/imagenet/ --warmup-epochs 0 --batch-size 128
36,34,,,0,-,timm/train.py,smi+top+dcgmi,--model efficientnetv2_s --data-dir /raid/datasets/imagenet/ --warmup-epochs 0 --batch-size 128
36,35,,,2,2g.10gb,timm/train.py,smi+top+dcgmi,--model efficientnetv2_s --data-dir /raid/datasets/imagenet/ --warmup-epochs 0 --batch-size 128
36,35,,,2,2g.10gb,timm/train.py,smi+top+dcgmi,--model efficientnetv2_s --data-dir /raid/datasets/imagenet/ --warmup-epochs 0 --batch-size 128
36,35,,,2,2g.10gb,timm/train.py,smi+top+dcgmi,--model efficientnetv2_s --data-dir /raid/datasets/imagenet/ --warmup-epochs 0 --batch-size 128
36,36,,,0,MPS,timm/train.py,smi+top+dcgmi,--model efficientnetv2_s --data-dir /raid/datasets/imagenet/ --warmup-epochs 0 --batch-size 128
36,36,,,0,MPS,timm/train.py,smi+top+dcgmi,--model efficientnetv2_s --data-dir /raid/datasets/imagenet/ --warmup-epochs 0 --batch-size 128
36,36,,,0,MPS,timm/train.py,smi+top+dcgmi,--model efficientnetv2_s --data-dir /raid/datasets/imagenet/ --warmup-epochs 0 --batch-size 128
36,37,,,0,-,timm/train.py,smi+top+dcgmi,--model efficientnetv2_s --data-dir /raid/datasets/imagenet/ --warmup-epochs 0 --batch-size 128
36,37,,,0,-,timm/train.py,smi+top+dcgmi,--model efficientnetv2_s --data-dir /raid/datasets/imagenet/ --warmup-epochs 0 --batch-size 128
36,37,,,0,-,timm/train.py,smi+top+dcgmi,--model efficientnetv2_s --data-dir /raid/datasets/imagenet/ --warmup-epochs 0 --batch-size 128
36,37,,,0,-,timm/train.py,smi+top+dcgmi,--model efficientnetv2_s --data-dir /raid/datasets/imagenet/ --warmup-epochs 0 --batch-size 128
36,37,,,0,-,timm/train.py,smi+top+dcgmi,--model efficientnetv2_s --data-dir /raid/datasets/imagenet/ --warmup-epochs 0 --batch-size 128
36,37,,,0,-,timm/train.py,smi+top+dcgmi,--model efficientnetv2_s --data-dir /raid/datasets/imagenet/ --warmup-epochs 0 --batch-size 128
36,37,,,0,-,timm/train.py,smi+top+dcgmi,--model efficientnetv2_s --data-dir /raid/datasets/imagenet/ --warmup-epochs 0 --batch-size 128
36,38,,,2,1g.5gb,timm/train.py,smi+top+dcgmi,--model efficientnetv2_s --data-dir /raid/datasets/imagenet/ --warmup-epochs 0 --batch-size 128
36,38,,,2,1g.5gb,timm/train.py,smi+top+dcgmi,--model efficientnetv2_s --data-dir /raid/datasets/imagenet/ --warmup-epochs 0 --batch-size 128
36,38,,,2,1g.5gb,timm/train.py,smi+top+dcgmi,--model efficientnetv2_s --data-dir /raid/datasets/imagenet/ --warmup-epochs 0 --batch-size 128
36,38,,,2,1g.5gb,timm/train.py,smi+top+dcgmi,--model efficientnetv2_s --data-dir /raid/datasets/imagenet/ --warmup-epochs 0 --batch-size 128
36,38,,,2,1g.5gb,timm/train.py,smi+top+dcgmi,--model efficientnetv2_s --data-dir /raid/datasets/imagenet/ --warmup-epochs 0 --batch-size 128
36,38,,,2,1g.5gb,timm/train.py,smi+top+dcgmi,--model efficientnetv2_s --data-dir /raid/datasets/imagenet/ --warmup-epochs 0 --batch-size 128
36,38,,,2,1g.5gb,timm/train.py,smi+top+dcgmi,--model efficientnetv2_s --data-dir /raid/datasets/imagenet/ --warmup-epochs 0 --batch-size 128
36,39,,,0,MPS,timm/train.py,smi+top+dcgmi,--model efficientnetv2_s --data-dir /raid/datasets/imagenet/ --warmup-epochs 0 --batch-size 128
36,39,,,0,MPS,timm/train.py,smi+top+dcgmi,--model efficientnetv2_s --data-dir /raid/datasets/imagenet/ --warmup-epochs 0 --batch-size 128
36,39,,,0,MPS,timm/train.py,smi+top+dcgmi,--model efficientnetv2_s --data-dir /raid/datasets/imagenet/ --warmup-epochs 0 --batch-size 128
36,39,,,0,MPS,timm/train.py,smi+top+dcgmi,--model efficientnetv2_s --data-dir /raid/datasets/imagenet/ --warmup-epochs 0 --batch-size 128
36,39,,,0,MPS,timm/train.py,smi+top+dcgmi,--model efficientnetv2_s --data-dir /raid/datasets/imagenet/ --warmup-epochs 0 --batch-size 128
36,39,,,0,MPS,timm/train.py,smi+top+dcgmi,--model efficientnetv2_s --data-dir /raid/datasets/imagenet/ --warmup-epochs 0 --batch-size 128
36,39,,,0,MPS,timm/train.py,smi+top+dcgmi,--model efficientnetv2_s --data-dir /raid/datasets/imagenet/ --warmup-epochs 0 --batch-size 128
37,110,,,0,-,timm/train.py,smi+top+dcgmi,--model resnet50 --data-dir /raid/datasets/imagenet64_images/ --warmup-epochs 0 --batch-size 128
37,110,,,0,-,timm/train.py,smi+top+dcgmi,--model resnet26 --data-dir /raid/datasets/cifar10/ --warmup-epochs 0 --batch-size 128
37,111,,,0,MPS,timm/train.py,smi+top+dcgmi,--model resnet50 --data-dir /raid/datasets/imagenet64_images/ --warmup-epochs 0 --batch-size 128
37,111,,,0,MPS,timm/train.py,smi+top+dcgmi,--model resnet26 --data-dir /raid/datasets/cifar10/ --warmup-epochs 0 --batch-size 128
37,112,,,2,2g.10gb,timm/train.py,smi+top+dcgmi,--model resnet50 --data-dir /raid/datasets/imagenet64_images/ --warmup-epochs 0 --batch-size 128
37,112,,,2,1g.5gb,timm/train.py,smi+top+dcgmi,--model resnet26 --data-dir /raid/datasets/cifar10/ --warmup-epochs 0 --batch-size 128
37,120,,,0,-,timm/train.py,smi+top+dcgmi,--model resnet50 --data-dir /raid/datasets/imagenet64_images/ --warmup-epochs 0 --batch-size 128
37,120,,,0,-,timm/train.py,smi+top+dcgmi,--model resnet26 --data-dir /raid/datasets/cifar10/ --warmup-epochs 0 --batch-size 128
37,120,,,0,-,timm/train.py,smi+top+dcgmi,--model resnet26 --data-dir /raid/datasets/cifar10/ --warmup-epochs 0 --batch-size 128
37,121,,,0,MPS,timm/train.py,smi+top+dcgmi,--model resnet50 --data-dir /raid/datasets/imagenet64_images/ --warmup-epochs 0 --batch-size 128
37,121,,,0,MPS,timm/train.py,smi+top+dcgmi,--model resnet26 --data-dir /raid/datasets/cifar10/ --warmup-epochs 0 --batch-size 128
37,121,,,0,MPS,timm/train.py,smi+top+dcgmi,--model resnet26 --data-dir /raid/datasets/cifar10/ --warmup-epochs 0 --batch-size 128
37,122,,,2,2g.10gb,timm/train.py,smi+top+dcgmi,--model resnet50 --data-dir /raid/datasets/imagenet64_images/ --warmup-epochs 0 --batch-size 128
37,122,,,2,1g.5gb,timm/train.py,smi+top+dcgmi,--model resnet26 --data-dir /raid/datasets/cifar10/ --warmup-epochs 0 --batch-size 128
37,122,,,2,1g.5gb,timm/train.py,smi+top+dcgmi,--model resnet26 --data-dir /raid/datasets/cifar10/ --warmup-epochs 0 --batch-size 128
37,130,,,0,-,timm/train.py,smi+top+dcgmi,--model resnet50 --data-dir /raid/datasets/imagenet64_images/ --warmup-epochs 0 --batch-size 128
37,130,,,0,-,timm/train.py,smi+top+dcgmi,--model resnet50 --data-dir /raid/datasets/imagenet64_images/ --warmup-epochs 0 --batch-size 128
37,130,,,0,-,timm/train.py,smi+top+dcgmi,--model resnet26 --data-dir /raid/datasets/cifar10/ --warmup-epochs 0 --batch-size 128
37,131,,,0,MPS,timm/train.py,smi+top+dcgmi,--model resnet50 --data-dir /raid/datasets/imagenet64_images/ --warmup-epochs 0 --batch-size 128
37,131,,,0,MPS,timm/train.py,smi+top+dcgmi,--model resnet50 --data-dir /raid/datasets/imagenet64_images/ --warmup-epochs 0 --batch-size 128
37,131,,,0,MPS,timm/train.py,smi+top+dcgmi,--model resnet26 --data-dir /raid/datasets/cifar10/ --warmup-epochs 0 --batch-size 128
37,132,,,2,2g.10gb,timm/train.py,smi+top+dcgmi,--model resnet50 --data-dir /raid/datasets/imagenet64_images/ --warmup-epochs 0 --batch-size 128
37,132,,,2,2g.10gb,timm/train.py,smi+top+dcgmi,--model resnet50 --data-dir /raid/datasets/imagenet64_images/ --warmup-epochs 0 --batch-size 128
37,132,,,2,1g.5gb,timm/train.py,smi+top+dcgmi,--model resnet26 --data-dir /raid/datasets/cifar10/ --warmup-epochs 0 --batch-size 128
37,140,,,0,-,timm/train.py,smi+top+dcgmi,--model resnet50 --data-dir /raid/datasets/imagenet64_images/ --warmup-epochs 0 --batch-size 128
37,140,,,0,-,timm/train.py,smi+top+dcgmi,--model resnet26 --data-dir /raid/datasets/cifar10/ --warmup-epochs 0 --batch-size 128
37,140,,,0,-,timm/train.py,smi+top+dcgmi,--model resnet26 --data-dir /raid/datasets/cifar10/ --warmup-epochs 0 --batch-size 128
37,140,,,0,-,timm/train.py,smi+top+dcgmi,--model resnet26 --data-dir /raid/datasets/cifar10/ --warmup-epochs 0 --batch-size 128
37,141,,,0,MPS,timm/train.py,smi+top+dcgmi,--model resnet50 --data-dir /raid/datasets/imagenet64_images/ --warmup-epochs 0 --batch-size 128
37,141,,,0,MPS,timm/train.py,smi+top+dcgmi,--model resnet26 --data-dir /raid/datasets/cifar10/ --warmup-epochs 0 --batch-size 128
37,141,,,0,MPS,timm/train.py,smi+top+dcgmi,--model resnet26 --data-dir /raid/datasets/cifar10/ --warmup-epochs 0 --batch-size 128
37,141,,,0,MPS,timm/train.py,smi+top+dcgmi,--model resnet26 --data-dir /raid/datasets/cifar10/ --warmup-epochs 0 --batch-size 128
37,142,,,2,2g.10gb,timm/train.py,smi+top+dcgmi,--model resnet50 --data-dir /raid/datasets/imagenet64_images/ --warmup-epochs 0 --batch-size 128
37,142,,,2,1g.5gb,timm/train.py,smi+top+dcgmi,--model resnet26 --data-dir /raid/datasets/cifar10/ --warmup-epochs 0 --batch-size 128
37,142,,,2,1g.5gb,timm/train.py,smi+top+dcgmi,--model resnet26 --data-dir /raid/datasets/cifar10/ --warmup-epochs 0 --batch-size 128
37,142,,,2,1g.5gb,timm/train.py,smi+top+dcgmi,--model resnet26 --data-dir /raid/datasets/cifar10/ --warmup-epochs 0 --batch-size 128
37,150,,,0,-,timm/train.py,smi+top+dcgmi,--model resnet50 --data-dir /raid/datasets/imagenet64_images/ --warmup-epochs 0 --batch-size 128
37,150,,,0,-,timm/train.py,smi+top+dcgmi,--model resnet50 --data-dir /raid/datasets/imagenet64_images/ --warmup-epochs 0 --batch-size 128
37,150,,,0,-,timm/train.py,smi+top+dcgmi,--model resnet26 --data-dir /raid/datasets/cifar10/ --warmup-epochs 0 --batch-size 128
37,150,,,0,-,timm/train.py,smi+top+dcgmi,--model resnet26 --data-dir /raid/datasets/cifar10/ --warmup-epochs 0 --batch-size 128
37,151,,,0,MPS,timm/train.py,smi+top+dcgmi,--model resnet50 --data-dir /raid/datasets/imagenet64_images/ --warmup-epochs 0 --batch-size 128
37,151,,,0,MPS,timm/train.py,smi+top+dcgmi,--model resnet50 --data-dir /raid/datasets/imagenet64_images/ --warmup-epochs 0 --batch-size 128
37,151,,,0,MPS,timm/train.py,smi+top+dcgmi,--model resnet26 --data-dir /raid/datasets/cifar10/ --warmup-epochs 0 --batch-size 128
37,151,,,0,MPS,timm/train.py,smi+top+dcgmi,--model resnet26 --data-dir /raid/datasets/cifar10/ --warmup-epochs 0 --batch-size 128
37,152,,,2,2g.10gb,timm/train.py,smi+top+dcgmi,--model resnet50 --data-dir /raid/datasets/imagenet64_images/ --warmup-epochs 0 --batch-size 128
37,152,,,2,2g.10gb,timm/train.py,smi+top+dcgmi,--model resnet50 --data-dir /raid/datasets/imagenet64_images/ --warmup-epochs 0 --batch-size 128
37,152,,,2,1g.5gb,timm/train.py,smi+top+dcgmi,--model resnet26 --data-dir /raid/datasets/cifar10/ --warmup-epochs 0 --batch-size 128
37,152,,,2,1g.5gb,timm/train.py,smi+top+dcgmi,--model resnet26 --data-dir /raid/datasets/cifar10/ --warmup-epochs 0 --batch-size 128
37,160,,,0,-,timm/train.py,smi+top+dcgmi,--model resnet50 --data-dir /raid/datasets/imagenet64_images/ --warmup-epochs 0 --batch-size 128
37,160,,,0,-,timm/train.py,smi+top+dcgmi,--model resnet50 --data-dir /raid/datasets/imagenet64_images/ --warmup-epochs 0 --batch-size 128
37,160,,,0,-,timm/train.py,smi+top+dcgmi,--model resnet50 --data-dir /raid/datasets/imagenet64_images/ --warmup-epochs 0 --batch-size 128
37,160,,,0,-,timm/train.py,smi+top+dcgmi,--model resnet26 --data-dir /raid/datasets/cifar10/ --warmup-epochs 0 --batch-size 128
37,161,,,0,MPS,timm/train.py,smi+top+dcgmi,--model resnet50 --data-dir /raid/datasets/imagenet64_images/ --warmup-epochs 0 --batch-size 128
37,161,,,0,MPS,timm/train.py,smi+top+dcgmi,--model resnet50 --data-dir /raid/datasets/imagenet64_images/ --warmup-epochs 0 --batch-size 128
37,161,,,0,MPS,timm/train.py,smi+top+dcgmi,--model resnet50 --data-dir /raid/datasets/imagenet64_images/ --warmup-epochs 0 --batch-size 128
37,161,,,0,MPS,timm/train.py,smi+top+dcgmi,--model resnet26 --data-dir /raid/datasets/cifar10/ --warmup-epochs 0 --batch-size 128
37,162,,,2,2g.10gb,timm/train.py,smi+top+dcgmi,--model resnet50 --data-dir /raid/datasets/imagenet64_images/ --warmup-epochs 0 --batch-size 128
37,162,,,2,2g.10gb,timm/train.py,smi+top+dcgmi,--model resnet50 --data-dir /raid/datasets/imagenet64_images/ --warmup-epochs 0 --batch-size 128
37,162,,,2,2g.10gb,timm/train.py,smi+top+dcgmi,--model resnet50 --data-dir /raid/datasets/imagenet64_images/ --warmup-epochs 0 --batch-size 128
37,162,,,2,1g.5gb,timm/train.py,smi+top+dcgmi,--model resnet26 --data-dir /raid/datasets/cifar10/ --warmup-epochs 0 --batch-size 128
37,210,,,0,-,timm/train.py,smi+top+dcgmi,--model resnet152 --data-dir /raid/datasets/imagenet/ --warmup-epochs 0 --batch-size 32
37,210,,,0,-,timm/train.py,smi+top+dcgmi,--model resnet26 --data-dir /raid/datasets/cifar10/ --warmup-epochs 0 --batch-size 128
37,211,,,0,MPS,timm/train.py,smi+top+dcgmi,--model resnet152 --data-dir /raid/datasets/imagenet/ --warmup-epochs 0 --batch-size 32
37,211,,,0,MPS,timm/train.py,smi+top+dcgmi,--model resnet26 --data-dir /raid/datasets/cifar10/ --warmup-epochs 0 --batch-size 128
37,212,,,2,4g.20gb,timm/train.py,smi+top+dcgmi,--model resnet152 --data-dir /raid/datasets/imagenet/ --warmup-epochs 0 --batch-size 32
37,212,,,2,1g.5gb,timm/train.py,smi+top+dcgmi,--model resnet26 --data-dir /raid/datasets/cifar10/ --warmup-epochs 0 --batch-size 128
37,220,,,0,-,timm/train.py,smi+top+dcgmi,--model resnet152 --data-dir /raid/datasets/imagenet/ --warmup-epochs 0 --batch-size 32
37,220,,,0,-,timm/train.py,smi+top+dcgmi,--model resnet26 --data-dir /raid/datasets/cifar10/ --warmup-epochs 0 --batch-size 128
37,220,,,0,-,timm/train.py,smi+top+dcgmi,--model resnet26 --data-dir /raid/datasets/cifar10/ --warmup-epochs 0 --batch-size 128
37,221,,,0,MPS,timm/train.py,smi+top+dcgmi,--model resnet152 --data-dir /raid/datasets/imagenet/ --warmup-epochs 0 --batch-size 32
37,221,,,0,MPS,timm/train.py,smi+top+dcgmi,--model resnet26 --data-dir /raid/datasets/cifar10/ --warmup-epochs 0 --batch-size 128
37,221,,,0,MPS,timm/train.py,smi+top+dcgmi,--model resnet26 --data-dir /raid/datasets/cifar10/ --warmup-epochs 0 --batch-size 128
37,222,,,2,4g.20gb,timm/train.py,smi+top+dcgmi,--model resnet152 --data-dir /raid/datasets/imagenet/ --warmup-epochs 0 --batch-size 32
37,222,,,2,1g.5gb,timm/train.py,smi+top+dcgmi,--model resnet26 --data-dir /raid/datasets/cifar10/ --warmup-epochs 0 --batch-size 128
37,222,,,2,1g.5gb,timm/train.py,smi+top+dcgmi,--model resnet26 --data-dir /raid/datasets/cifar10/ --warmup-epochs 0 --batch-size 128
37,240,,,0,-,timm/train.py,smi+top+dcgmi,--model resnet152 --data-dir /raid/datasets/imagenet/ --warmup-epochs 0 --batch-size 32
37,240,,,0,-,timm/train.py,smi+top+dcgmi,--model resnet26 --data-dir /raid/datasets/cifar10/ --warmup-epochs 0 --batch-size 128
37,240,,,0,-,timm/train.py,smi+top+dcgmi,--model resnet26 --data-dir /raid/datasets/cifar10/ --warmup-epochs 0 --batch-size 128
37,240,,,0,-,timm/train.py,smi+top+dcgmi,--model resnet26 --data-dir /raid/datasets/cifar10/ --warmup-epochs 0 --batch-size 128
37,241,,,0,MPS,timm/train.py,smi+top+dcgmi,--model resnet152 --data-dir /raid/datasets/imagenet/ --warmup-epochs 0 --batch-size 32
37,241,,,0,MPS,timm/train.py,smi+top+dcgmi,--model resnet26 --data-dir /raid/datasets/cifar10/ --warmup-epochs 0 --batch-size 128
37,241,,,0,MPS,timm/train.py,smi+top+dcgmi,--model resnet26 --data-dir /raid/datasets/cifar10/ --warmup-epochs 0 --batch-size 128
37,241,,,0,MPS,timm/train.py,smi+top+dcgmi,--model resnet26 --data-dir /raid/datasets/cifar10/ --warmup-epochs 0 --batch-size 128
37,242,,,2,4g.20gb,timm/train.py,smi+top+dcgmi,--model resnet152 --data-dir /raid/datasets/imagenet/ --warmup-epochs 0 --batch-size 32
37,242,,,2,1g.5gb,timm/train.py,smi+top+dcgmi,--model resnet26 --data-dir /raid/datasets/cifar10/ --warmup-epochs 0 --batch-size 128
37,242,,,2,1g.5gb,timm/train.py,smi+top+dcgmi,--model resnet26 --data-dir /raid/datasets/cifar10/ --warmup-epochs 0 --batch-size 128
37,242,,,2,1g.5gb,timm/train.py,smi+top+dcgmi,--model resnet26 --data-dir /raid/datasets/cifar10/ --warmup-epochs 0 --batch-size 128
37,310,,,0,-,timm/train.py,smi+top+dcgmi,--model resnet152 --data-dir /raid/datasets/imagenet/ --warmup-epochs 0 --batch-size 32
37,310,,,0,-,timm/train.py,smi+top+dcgmi,--model resnet50 --data-dir /raid/datasets/imagenet64_images/ --warmup-epochs 0 --batch-size 128
37,311,,,0,MPS,timm/train.py,smi+top+dcgmi,--model resnet152 --data-dir /raid/datasets/imagenet/ --warmup-epochs 0 --batch-size 32
37,311,,,0,MPS,timm/train.py,smi+top+dcgmi,--model resnet50 --data-dir /raid/datasets/imagenet64_images/ --warmup-epochs 0 --batch-size 128
37,312,,,2,4g.20gb,timm/train.py,smi+top+dcgmi,--model resnet152 --data-dir /raid/datasets/imagenet/ --warmup-epochs 0 --batch-size 32
37,312,,,2,2g.10gb,timm/train.py,smi+top+dcgmi,--model resnet50 --data-dir /raid/datasets/imagenet64_images/ --warmup-epochs 0 --batch-size 128
37,320,,,0,-,timm/train.py,smi+top+dcgmi,--model resnet152 --data-dir /raid/datasets/imagenet/ --warmup-epochs 0 --batch-size 32
37,320,,,0,-,timm/train.py,smi+top+dcgmi,--model resnet50 --data-dir /raid/datasets/imagenet64_images/ --warmup-epochs 0 --batch-size 128
37,320,,,0,-,timm/train.py,smi+top+dcgmi,--model resnet26 --data-dir /raid/datasets/cifar10/ --warmup-epochs 0 --batch-size 128
37,321,,,0,MPS,timm/train.py,smi+top+dcgmi,--model resnet152 --data-dir /raid/datasets/imagenet/ --warmup-epochs 0 --batch-size 32
37,321,,,0,MPS,timm/train.py,smi+top+dcgmi,--model resnet50 --data-dir /raid/datasets/imagenet64_images/ --warmup-epochs 0 --batch-size 128
37,321,,,0,MPS,timm/train.py,smi+top+dcgmi,--model resnet26 --data-dir /raid/datasets/cifar10/ --warmup-epochs 0 --batch-size 128
37,322,,,2,4g.20gb,timm/train.py,smi+top+dcgmi,--model resnet152 --data-dir /raid/datasets/imagenet/ --warmup-epochs 0 --batch-size 32
37,322,,,2,2g.10gb,timm/train.py,smi+top+dcgmi,--model resnet50 --data-dir /raid/datasets/imagenet64_images/ --warmup-epochs 0 --batch-size 128
37,322,,,2,1g.5gb,timm/train.py,smi+top+dcgmi,--model resnet26 --data-dir /raid/datasets/cifar10/ --warmup-epochs 0 --batch-size 128
37,330,,,0,-,timm/train.py,smi+top+dcgmi,--model resnet152 --data-dir /raid/datasets/imagenet/ --warmup-epochs 0 --batch-size 32
37,330,,,0,-,timm/train.py,smi+top+dcgmi,--model resnet50 --data-dir /raid/datasets/imagenet64_images/ --warmup-epochs 0 --batch-size 128
37,330,,,0,-,timm/train.py,smi+top+dcgmi,--model resnet50 --data-dir /raid/datasets/imagenet64_images/ --warmup-epochs 0 --batch-size 128
37,331,,,0,MPS,timm/train.py,smi+top+dcgmi,--model resnet152 --data-dir /raid/datasets/imagenet/ --warmup-epochs 0 --batch-size 32
37,331,,,0,MPS,timm/train.py,smi+top+dcgmi,--model resnet50 --data-dir /raid/datasets/imagenet64_images/ --warmup-epochs 0 --batch-size 128
37,331,,,0,MPS,timm/train.py,smi+top+dcgmi,--model resnet50 --data-dir /raid/datasets/imagenet64_images/ --warmup-epochs 0 --batch-size 128
37,332,,,2,4g.20gb,timm/train.py,smi+top+dcgmi,--model resnet152 --data-dir /raid/datasets/imagenet/ --warmup-epochs 0 --batch-size 32
37,332,,,2,2g.10gb,timm/train.py,smi+top+dcgmi,--model resnet50 --data-dir /raid/datasets/imagenet64_images/ --warmup-epochs 0 --batch-size 128
37,332,,,2,2g.10gb,timm/train.py,smi+top+dcgmi,--model resnet50 --data-dir /raid/datasets/imagenet64_images/ --warmup-epochs 0 --batch-size 128
37,340,,,0,-,timm/train.py,smi+top+dcgmi,--model resnet152 --data-dir /raid/datasets/imagenet/ --warmup-epochs 0 --batch-size 32
37,340,,,0,-,timm/train.py,smi+top+dcgmi,--model resnet50 --data-dir /raid/datasets/imagenet64_images/ --warmup-epochs 0 --batch-size 128
37,340,,,0,-,timm/train.py,smi+top+dcgmi,--model resnet26 --data-dir /raid/datasets/cifar10/ --warmup-epochs 0 --batch-size 128
37,340,,,0,-,timm/train.py,smi+top+dcgmi,--model resnet26 --data-dir /raid/datasets/cifar10/ --warmup-epochs 0 --batch-size 128
37,341,,,0,MPS,timm/train.py,smi+top+dcgmi,--model resnet152 --data-dir /raid/datasets/imagenet/ --warmup-epochs 0 --batch-size 32
37,341,,,0,MPS,timm/train.py,smi+top+dcgmi,--model resnet50 --data-dir /raid/datasets/imagenet64_images/ --warmup-epochs 0 --batch-size 128
37,341,,,0,MPS,timm/train.py,smi+top+dcgmi,--model resnet26 --data-dir /raid/datasets/cifar10/ --warmup-epochs 0 --batch-size 128
37,341,,,0,MPS,timm/train.py,smi+top+dcgmi,--model resnet26 --data-dir /raid/datasets/cifar10/ --warmup-epochs 0 --batch-size 128
37,342,,,2,4g.20gb,timm/train.py,smi+top+dcgmi,--model resnet152 --data-dir /raid/datasets/imagenet/ --warmup-epochs 0 --batch-size 32
37,342,,,2,2g.10gb,timm/train.py,smi+top+dcgmi,--model resnet50 --data-dir /raid/datasets/imagenet64_images/ --warmup-epochs 0 --batch-size 128
37,342,,,2,1g.5gb,timm/train.py,smi+top+dcgmi,--model resnet26 --data-dir /raid/datasets/cifar10/ --warmup-epochs 0 --batch-size 128
37,342,,,2,1g.5gb,timm/train.py,smi+top+dcgmi,--model resnet26 --data-dir /raid/datasets/cifar10/ --warmup-epochs 0 --batch-size 128
37,350,,,0,-,timm/train.py,smi+top+dcgmi,--model resnet152 --data-dir /raid/datasets/imagenet/ --warmup-epochs 0 --batch-size 32
37,350,,,0,-,timm/train.py,smi+top+dcgmi,--model resnet50 --data-dir /raid/datasets/imagenet64_images/ --warmup-epochs 0 --batch-size 128
37,350,,,0,-,timm/train.py,smi+top+dcgmi,--model resnet26 --data-dir /raid/datasets/cifar10/ --warmup-epochs 0 --batch-size 128
37,350,,,0,-,timm/train.py,smi+top+dcgmi,--model resnet26 --data-dir /raid/datasets/cifar10/ --warmup-epochs 0 --batch-size 128
37,350,,,0,-,timm/train.py,smi+top+dcgmi,--model resnet26 --data-dir /raid/datasets/cifar10/ --warmup-epochs 0 --batch-size 128
37,351,,,0,MPS,timm/train.py,smi+top+dcgmi,--model resnet152 --data-dir /raid/datasets/imagenet/ --warmup-epochs 0 --batch-size 32
37,351,,,0,MPS,timm/train.py,smi+top+dcgmi,--model resnet50 --data-dir /raid/datasets/imagenet64_images/ --warmup-epochs 0 --batch-size 128
37,351,,,0,MPS,timm/train.py,smi+top+dcgmi,--model resnet26 --data-dir /raid/datasets/cifar10/ --warmup-epochs 0 --batch-size 128
37,351,,,0,MPS,timm/train.py,smi+top+dcgmi,--model resnet26 --data-dir /raid/datasets/cifar10/ --warmup-epochs 0 --batch-size 128
37,351,,,0,MPS,timm/train.py,smi+top+dcgmi,--model resnet26 --data-dir /raid/datasets/cifar10/ --warmup-epochs 0 --batch-size 128
37,352,,,2,4g.20gb,timm/train.py,smi+top+dcgmi,--model resnet152 --data-dir /raid/datasets/imagenet/ --warmup-epochs 0 --batch-size 32
37,352,,,2,2g.10gb,timm/train.py,smi+top+dcgmi,--model resnet50 --data-dir /raid/datasets/imagenet64_images/ --warmup-epochs 0 --batch-size 128
37,352,,,2,1g.5gb,timm/train.py,smi+top+dcgmi,--model resnet26 --data-dir /raid/datasets/cifar10/ --warmup-epochs 0 --batch-size 128
37,352,,,2,1g.5gb,timm/train.py,smi+top+dcgmi,--model resnet26 --data-dir /raid/datasets/cifar10/ --warmup-epochs 0 --batch-size 128
37,352,,,2,1g.5gb,timm/train.py,smi+top+dcgmi,--model resnet26 --data-dir /raid/datasets/cifar10/ --warmup-epochs 0 --batch-size 128
